SOURCE_ID,TITLE,URL,ACCESS_DATE,ACCESS_STATUS,PROVENANCE,FILE_PATH,SHA256,BYTES,CONTENT_TYPE,HTTP_STATUS,SOURCE_COLLECTION
USGOV-14F90DEA538C2C30,"Pearlstein, Arthur",https://www.fmcs.gov/wp-content/uploads/2020/04/Pearlstein-Arthur.pdf,2026-09-21,ACQUIRED,https://www.fmcs.gov/aboutus/agency-departments/office-of-field-operations-regional/office-of-client-services/ocs-units/pearlstein-arthur-2/,GOVERNMENT_BULK/FMCS/4212d18c2c4c__Pearlstein-Arthur.pdf,4212d18c2c4cf67b917662aa6b983db97239e23647b71e5b26c0a18289a50dee,197193,application/pdf,200,FMCS
USGOV-0BE02C561921DBE1,Productivity,https://www.fmcs.gov/wp-content/uploads/2020/04/Productivity.pdf,2026-09-21,ACQUIRED,https://www.fmcs.gov/productivity/,GOVERNMENT_BULK/FMCS/39b98a21b2ce__Productivity.pdf,39b98a21b2ce56c0160a4833e7d0a8ed9ece2be9d18be80dc700bc4bad03ef85,83288,application/pdf,200,FMCS
USGOV-76FB5F1F6EF9EFCA,Virtual Collective Bargaining Mediation and Neutral Services Terms and Conditions,https://www.fmcs.gov/wp-content/uploads/2020/04/Virtual-CB-Mediation-and-Neutral-Services-TC.pdf,2026-09-21,ACQUIRED,https://www.fmcs.gov/mediation-agreement-forms/virtual-cb-mediation-and-neutral-services-tc/,GOVERNMENT_BULK/FMCS/49cf75b61491__Virtual-CB-Mediation-and-Neutral-Services-TC.pdf,49cf75b614913a42b5f2ffcf693c5bdbd09f9e461b2f57ed5edf58ff7f38a2fa,82339,application/pdf,200,FMCS
USGOV-3B27228A83D92F4B,Virtual Training Terms and Conditions,https://www.fmcs.gov/wp-content/uploads/2020/04/Virtual-Training-TC.pdf,2026-09-21,ACQUIRED,https://www.fmcs.gov/mediation-agreement-forms/virtual-training-tc/,GOVERNMENT_BULK/FMCS/99a87aacb035__Virtual-Training-TC.pdf,99a87aacb035602ad598f53b24424d54d5fb62b265aae8f9cc195334e9a7b932,74796,application/pdf,200,FMCS
USGOV-372CADC9D024684D,Yoga,https://www.fmcs.gov/wp-content/uploads/2020/04/Yoga.pdf,2026-09-21,ACQUIRED,https://www.fmcs.gov/yoga/,GOVERNMENT_BULK/FMCS/4084a3d4943d__Yoga.pdf,4084a3d4943dfe99a7ab6e00a5f3a47d8a426f141d0457b47d53b9e29549ad9a,80032,application/pdf,200,FMCS
USGOV-358672F249B9FEF8,FMCS Statement on the Passing of Former Director Arthur Rosenfeld,https://www.fmcs.gov/wp-content/uploads/2020/05/FMCS-Statement-on-the-Passing-of-Former-Director-Arthur-Rosenfeld.pdf,2026-09-21,ACQUIRED,https://www.fmcs.gov/resources/documents-and-data/fmcs-statement-on-the-passing-of-former-director-arthur-rosenfeld-2/,GOVERNMENT_BULK/FMCS/0ae5d3eb9ee3__FMCS-Statement-on-the-Passing-of-Former-Director-Arthur-Rosenfeld.pdf,0ae5d3eb9ee3779cde6951c93484251d44e6910db36a2d1a583d0f40126e144b,289667,application/pdf,200,FMCS
USGOV-A72CB634585E7E33,"FMCS,Technology Supported Services 5.13.2020",https://www.fmcs.gov/wp-content/uploads/2020/05/FMCSTechnology-Supported-Services-5.13.2020.pdf,2026-09-21,ACQUIRED,https://www.fmcs.gov/fmcstechnology-supported-services-5-13-2020/,GOVERNMENT_BULK/FMCS/c98b07dbb99f__FMCSTechnology-Supported-Services-5.13.2020.pdf,c98b07dbb99f4835555b56674531440309cac62e8f2590f2ea63b9070986d69a,496430,application/pdf,200,FMCS
USGOV-03C8D2E086D98236,Institutional Collaboration,https://www.fmcs.gov/wp-content/uploads/2020/05/Institutional_Collaboration.pdf,2026-09-21,ACQUIRED,https://www.fmcs.gov/institutional_collaboration/,GOVERNMENT_BULK/FMCS/fda8cb1f09ed__Institutional_Collaboration.pdf,fda8cb1f09ed7eaab1e591fec62c3930ae916805fdcae91c7094c7aef7435976,42711,application/pdf,200,FMCS
USGOV-B526577850F92982,FMCS Statement on the U.S. Department of Transportation Historic Rule Establishing Tribal Transportation Self-Governance Program,https://www.fmcs.gov/wp-content/uploads/2020/06/FMCS-Statement-on-the-U.S.-Department-of-Transportation-Historic-Rule-Establishing-Tribal-Transportation-Self-Governance-Program.pdf,2026-09-21,FAILED,https://www.fmcs.gov/resources/documents-and-data/fmcs-statement-on-the-u-s-department-of-transportation-historic-rule-establishing-tribal-transportation-self-governance-program-2/,,,238661,application/pdf,200,FMCS
USGOV-9F30C604C9A543F2,FMCS Technology Assisted Services_2020 final,https://www.fmcs.gov/wp-content/uploads/2020/07/FMCS-Technology-Assisted-Services_2020-final.pdf,2026-09-21,ACQUIRED,https://www.fmcs.gov/fmcs-technology-assisted-services_2020-final/,GOVERNMENT_BULK/FMCS/12b91a3719e6__FMCS-Technology-Assisted-Services_2020-final.pdf,12b91a3719e6a8202079ef6f9ece29fd2f988b62902bcb45232549bff83d4862,423303,application/pdf,200,FMCS
USGOV-B694B06FB94A5B98,FMCS Director Org Structure 082020,https://www.fmcs.gov/wp-content/uploads/2020/08/FMCS-Director-Org-Structure-082020.pdf,2026-09-21,ACQUIRED,https://www.fmcs.gov/aboutus/agency-departments/fmcs-director-org-structure-082020/,GOVERNMENT_BULK/FMCS/7f9684e38c52__FMCS-Director-Org-Structure-082020.pdf,7f9684e38c52592c3f75b65386dc0f8c651f0cfbfd18b006e578fc6be59d719d,155736,application/pdf,200,FMCS
USGOV-9B70E926E49CBF8A,FMCS Statement on Continued Labor Negotiations,https://www.fmcs.gov/wp-content/uploads/2020/08/FMCS-Statement-on-Continued-Labor-Negotiations-.pdf,2026-09-21,ACQUIRED,https://www.fmcs.gov/resources/documents-and-data/fmcs-statement-on-continued-labor-negotiations/,GOVERNMENT_BULK/FMCS/6762a1cb68ff__FMCS-Statement-on-Continued-Labor-Negotiations-.pdf,6762a1cb68fff97a556779ad1cd35090b5f640c258992e9011f368b1a361dfec,228858,application/pdf,200,FMCS
USGOV-C4FFA23FB8811191,FMCS Statement on Continued Labor Negotiations Between Bath Iron Works and International Association of Machinists Local S6 (AUG 7 UPDATE),https://www.fmcs.gov/wp-content/uploads/2020/08/FMCS-Statement-on-Continued-Labor-Negotiations-AUG-7-UPDATE.pdf,2026-09-21,ACQUIRED,https://www.fmcs.gov/resources/documents-and-data/fmcs-statement-on-continued-labor-negotiations-aug-7-update/,GOVERNMENT_BULK/FMCS/c9760f915f18__FMCS-Statement-on-Continued-Labor-Negotiations-AUG-7-UPDATE.pdf,c9760f915f185ab8b4d8adc568bc628b0341ab66b44ed22510b2a06e71bd711e,228721,application/pdf,200,FMCS
USGOV-1280CAB0FF094D44,FMCS Statement on Continued Labor Negotiations UPDATED,https://www.fmcs.gov/wp-content/uploads/2020/08/FMCS-Statement-on-Continued-Labor-Negotiations-UPDATED.pdf,2026-09-21,ACQUIRED,https://www.fmcs.gov/resources/documents-and-data/fmcs-statement-on-continued-labor-negotiations-updated/,GOVERNMENT_BULK/FMCS/804792f69c8b__FMCS-Statement-on-Continued-Labor-Negotiations-UPDATED.pdf,804792f69c8b188fdbc0110d281fb605a374dccc531483bfe474894cf31bf857,227005,application/pdf,200,FMCS
USGOV-E011BBCA1E726DF8,FMCS Statement on Labor Agreement Between Bath Iron Works and International Association of Machinists Local S6,https://www.fmcs.gov/wp-content/uploads/2020/08/FMCS-Statement-on-Labor-Agreement-Between-Bath-Iron-Works-and-International-Association-of-Machinists-Local-S6-.pdf,2026-09-21,ACQUIRED,https://www.fmcs.gov/resources/documents-and-data/fmcs-statement-on-labor-agreement-between-bath-iron-works-and-international-association-of-machinists-local-s6-2/,GOVERNMENT_BULK/FMCS/b5f878586442__FMCS-Statement-on-Labor-Agreement-Between-Bath-Iron-Works-and-International-Association-of-Machinists-Local-S6-.pdf,b5f87858644248b76a95684b8df2b70b415e607ea7fc97271015fa8729d80538,231401,application/pdf,200,FMCS
USGOV-FFC9AF0A3E6BC991,FMCS Statement on Negotiations Between BIW and IAM Local S6,https://www.fmcs.gov/wp-content/uploads/2020/08/FMCS-Statement-on-Negotiations-Between-BIW-and-IAM-Local-S6.pdf,2026-09-21,ACQUIRED,https://www.fmcs.gov/resources/documents-and-data/fmcs-statement-on-negotiations-between-biw-and-iam-local-s6/,GOVERNMENT_BULK/FMCS/690ba322e105__FMCS-Statement-on-Negotiations-Between-BIW-and-IAM-Local-S6.pdf,690ba322e10529625439de13e216284a428a66e62e3c4dcdb46c9ca93960ef46,226808,application/pdf,200,FMCS
USGOV-5F8417FB37F4CE92,FMCS Virtual NLMC A Success and Lesson In Modern Flexibility,https://www.fmcs.gov/wp-content/uploads/2020/08/FMCS-Virtual-NLMC-A-Success-and-Lesson-In-Modern-Flexibility.pdf,2026-09-21,ACQUIRED,https://www.fmcs.gov/resources/documents-and-data/fmcs-virtual-nlmc-a-success-and-lesson-in-modern-flexibility-2/,GOVERNMENT_BULK/FMCS/8921979639cf__FMCS-Virtual-NLMC-A-Success-and-Lesson-In-Modern-Flexibility.pdf,8921979639cfec3d1617c0aecf10d333bf5d7c83286937aa3d9c9477db18caeb,301779,application/pdf,200,FMCS
USGOV-E1746CCD10713F3F,"Giacolone, Richard (Director)",https://www.fmcs.gov/wp-content/uploads/2020/08/Giacolone-Richard-Director.pdf,2026-09-21,ACQUIRED,https://www.fmcs.gov/aboutus/agency-departments/office-of-the-director/giacolone-richard-director/,GOVERNMENT_BULK/FMCS/4b1374c18484__Giacolone-Richard-Director.pdf,4b1374c184847a6b88c7b646993dabdcb0131f0385e0f9321e46d29eda2e21ec,195928,application/pdf,200,FMCS
USGOV-44BE74A7F92E675D,Senate Confirms FMCS Director,https://www.fmcs.gov/wp-content/uploads/2020/08/Senate-Confirms-FMCS-Director-.pdf,2026-09-21,ACQUIRED,https://www.fmcs.gov/resources/documents-and-data/senate-confirms-fmcs-director-2/,GOVERNMENT_BULK/FMCS/2a912e514e8c__Senate-Confirms-FMCS-Director-.pdf,2a912e514e8c4d91924e9f6a242d76333ba26ef212cf3c00e4fa8f5e3fc80325,255600,application/pdf,200,FMCS
USGOV-263DDBB118741E90,07-28 FMCS_Intl_Brochure_2020_Updated,https://www.fmcs.gov/wp-content/uploads/2020/09/07-28-FMCS_Intl_Brochure_2020_Updated.pdf,2026-09-21,ACQUIRED,https://www.fmcs.gov/07-28-fmcs_intl_brochure_2020_updated/,GOVERNMENT_BULK/FMCS/a8bef07c1fc7__07-28-FMCS_Intl_Brochure_2020_Updated.pdf,a8bef07c1fc7165153acddd24a0344f3d039c0ccef5a693e6bdb7d2ac9f23a6f,867385,application/pdf,200,FMCS
USGOV-276A76568D222CBF,"Giacolone, Richard (Director) 2",https://www.fmcs.gov/wp-content/uploads/2020/09/Giacolone-Richard-Director-2.pdf,2026-09-21,ACQUIRED,https://www.fmcs.gov/aboutus/agency-departments/office-of-the-director/giacolone-richard-director-2/,GOVERNMENT_BULK/FMCS/4ea2e73d533b__Giacolone-Richard-Director-2.pdf,4ea2e73d533bd1cc3b04e1b84419dc85f085c45ebaefa31d4ce4f62893252a2b,196182,application/pdf,200,FMCS
USGOV-C4904E397C6506B8,FMCS Launches Electronic FOIA Processing System,https://www.fmcs.gov/wp-content/uploads/2020/10/FMCS-Launches-Electronic-FOIA-Processing-System.pdf,2026-09-21,ACQUIRED,https://www.fmcs.gov/resources/documents-and-data/fmcs-launches-electronic-foia-processing-system-2/,GOVERNMENT_BULK/FMCS/ee6df5ef5b06__FMCS-Launches-Electronic-FOIA-Processing-System.pdf,ee6df5ef5b061d490539c046a610925ab71d4b6c63df4766a44c2d0445a891df,259050,application/pdf,200,FMCS
USGOV-5880B4CFC401FA48,2019 FOIA Annual Report,https://www.fmcs.gov/wp-content/uploads/2020/11/2019-FOIA-Annual-Report.pdf,2026-09-21,DUPLICATE,https://www.fmcs.gov/resources/documents-and-data/2019-foia-annual-report/,GOVERNMENT_BULK/FMCS/42990bc09a31__2019-FOIA-Annual-Report.pdf,42990bc09a3172119f6d45b939fd5c9d07bcf4991f97b458603c5bb0b204b17f,793565,application/pdf,200,FMCS
USGOV-2DDB6B45F69CB725,FMCS FY2020 Performance and Accountability Report (PAR),https://www.fmcs.gov/wp-content/uploads/2020/11/FMCS-FY2020-PAR.pdf,2026-09-21,ACQUIRED,https://www.fmcs.gov/fmcs-fy2020-par/,GOVERNMENT_BULK/FMCS/097d2e82e389__FMCS-FY2020-PAR.pdf,097d2e82e3896b0f3e86f29cc16f8e923218b9b540ce8e550b95c4a921d3e93e,570743,application/pdf,200,FMCS
USGOV-BAAC37056B492CB3,FY20NoFearActData,https://www.fmcs.gov/wp-content/uploads/2020/11/FY20NoFearActData.pdf,2026-09-21,ACQUIRED,https://www.fmcs.gov/eeo-nofear/fy20nofearactdata/,GOVERNMENT_BULK/FMCS/54d20303be7c__FY20NoFearActData.pdf,54d20303be7c650f8cb296dbabf304d50f3806b6e3f11d9dc81f1d91dad163d6,174255,application/pdf,200,FMCS
USGOV-542224F6F8967F87,FY21EEOPolicyStatementGiacolone,https://www.fmcs.gov/wp-content/uploads/2020/11/FY21EEOPolicyStatementGiacolone.pdf,2026-09-21,ACQUIRED,https://www.fmcs.gov/eeo-nofear/fy21eeopolicystatementgiacolone/,GOVERNMENT_BULK/FMCS/1bbc0fb7f993__FY21EEOPolicyStatementGiacolone.pdf,1bbc0fb7f99364eeef526e7212a44f772ffacca0d6a72ab985d84b8c1e07d764,292246,application/pdf,200,FMCS
USGOV-21A740C3EAAD64F6,Privacy Impact Assessment for FOIAxpress 2020,https://www.fmcs.gov/wp-content/uploads/2020/12/2020-PIA-FOIAXpress.pdf,2026-09-21,ACQUIRED,https://www.fmcs.gov/privacy-policy/2020-pia-foiaxpress/,GOVERNMENT_BULK/FMCS/253b728ef4e0__2020-PIA-FOIAXpress.pdf,253b728ef4e07373f7c69346eb5034bb3b0922b97c82264af79d742306e10b98,90038,application/pdf,200,FMCS
USGOV-4D4E4D1E8EC99B0C,FY2020 No FEAR Act Report,https://www.fmcs.gov/wp-content/uploads/2020/12/FY2020-No-FEAR-Act-Report.pdf,2026-09-21,ACQUIRED,https://www.fmcs.gov/eeo-nofear/fy2020-no-fear-act-report/,GOVERNMENT_BULK/FMCS/9ed84e52ed31__FY2020-No-FEAR-Act-Report.pdf,9ed84e52ed31d51783beead02381b53244a1edb60e656a376f1649cbb02eb02a,1235417,application/pdf,200,FMCS
USGOV-D335BC8F4B78C47F,FY21Qtr1NoFearActData,https://www.fmcs.gov/wp-content/uploads/2021/01/FY21Qtr1NoFearActData.pdf,2026-09-21,ACQUIRED,https://www.fmcs.gov/eeo-nofear/fy21qtr1nofearactdata/,GOVERNMENT_BULK/FMCS/1bb61898cb17__FY21Qtr1NoFearActData.pdf,1bb61898cb1724087d7cc4d63ff4b1799cffc0c9f69f2817ebca902065b34448,88192,application/pdf,200,FMCS
USGOV-AD12BAA88847FF2B,2020 FOIA Annual Report – XML,https://www.fmcs.gov/wp-content/uploads/2021/02/2020-FOIA-Annual-Report-XML.pdf,2026-09-21,ACQUIRED,https://www.fmcs.gov/resources/documents-and-data/2020-foia-annual-report-xml/,GOVERNMENT_BULK/FMCS/bc1c12bfb2ea__2020-FOIA-Annual-Report-XML.pdf,bc1c12bfb2ea1a36f035daa9833862d0f1c971dbd2c538e0db21716234321170,76828,application/pdf,200,FMCS
USGOV-DC9D0B897A8EE574,2020 FOIA Annual Report,https://www.fmcs.gov/wp-content/uploads/2021/02/2020-FOIA-Annual-Report.pdf,2026-09-21,ACQUIRED,https://www.fmcs.gov/resources/documents-and-data/2020-foia-annual-report/,GOVERNMENT_BULK/FMCS/1033602f08ea__2020-FOIA-Annual-Report.pdf,1033602f08ead238aa0f172c4805149e91fcd7bad957823e2ee59dcf1ffa50fb,197982,application/pdf,200,FMCS
USGOV-5EEC60E01542D4B4,FMCS Fast Facts FY2020 update Feb 2021,https://www.fmcs.gov/wp-content/uploads/2021/02/FMCS-Fast-Facts-FY2020-update-Feb-2021.pdf,2026-09-21,ACQUIRED,https://www.fmcs.gov/resources/documents-and-data/fmcs-fast-facts-fy2020-update-feb-2021/,GOVERNMENT_BULK/FMCS/66a52a0b4bfb__FMCS-Fast-Facts-FY2020-update-Feb-2021.pdf,66a52a0b4bfb7f0a81ac518605cc8baf9c999821fe92c87fe080ca119f6b4a3a,1117856,application/pdf,200,FMCS
USGOV-8A96A2F0BF220AE3,FMCS Role and Function -FY20 Update Feb 17 2021,https://www.fmcs.gov/wp-content/uploads/2021/02/FMCS-Role-and-Function-FY20-Update-Feb-17-2021.pdf,2026-09-21,ACQUIRED,https://www.fmcs.gov/resources/documents-and-data/fmcs-role-and-function-fy20-update-feb-17-2021/,GOVERNMENT_BULK/FMCS/575acafa278c__FMCS-Role-and-Function-FY20-Update-Feb-17-2021.pdf,575acafa278c062fb24561ff4d3fc08cf9b6a53f36862ffed8139dedf6dc00ac,2985856,application/pdf,200,FMCS
USGOV-ABB72E0DE72099CC,FMCS Sub-agency report,https://www.fmcs.gov/wp-content/uploads/2021/03/FMCS-Sub-agency-report.pdf,2026-09-21,ACQUIRED,https://www.fmcs.gov/resources/documents-and-data/fmcs-sub-agency-report/,GOVERNMENT_BULK/FMCS/517c5b07ceec__FMCS-Sub-agency-report.pdf,517c5b07ceec30c98ae1b789b0e8ebaa2bb51573e5ca014615f2057b993d4c58,657246,application/pdf,200,FMCS
USGOV-61B393F7F2C4B260,02 – How Arb Rules Scenarios Final 4.20.21,https://www.fmcs.gov/wp-content/uploads/2021/04/02-How-Arb-Rules-Scenarios-Final-4.20.21.pdf,2026-09-21,ACQUIRED,https://www.fmcs.gov/02-how-arb-rules-scenarios-final-4-20-21/,GOVERNMENT_BULK/FMCS/f796f5a008f3__02-How-Arb-Rules-Scenarios-Final-4.20.21.pdf,f796f5a008f3cda48950c7e473761db4631855ca6787d66269beb083bad024c6,271411,application/pdf,200,FMCS
USGOV-1562115CB9EAB83D,03 – Evidence and Proof Outline,https://www.fmcs.gov/wp-content/uploads/2021/04/03-Evidence-and-Proof-Outline.pdf,2026-09-21,ACQUIRED,https://www.fmcs.gov/03-evidence-and-proof-outline/,GOVERNMENT_BULK/FMCS/e0a6386ac45f__03-Evidence-and-Proof-Outline.pdf,e0a6386ac45f9a8e4c8794b2db775dfd4f1c28f4ad0b26c2b670a5ccdb7cc3b2,154747,application/pdf,200,FMCS
USGOV-5D0C762A809863AA,04 – Ethics Combined Materials,https://www.fmcs.gov/wp-content/uploads/2021/04/04-Ethics-Combined-Materials.pdf,2026-09-21,ACQUIRED,https://www.fmcs.gov/04-ethics-combined-materials/,GOVERNMENT_BULK/FMCS/b00ce0d858b7__04-Ethics-Combined-Materials.pdf,b00ce0d858b78bb83f5834ef1696a6f361b7b276c29ab0bdf3212038b2b4e24b,478070,application/pdf,200,FMCS
USGOV-0906D7B5877F3469,05 – Fair is Fair PowerPoint,https://www.fmcs.gov/wp-content/uploads/2021/04/05-Fair-is-Fair-PowerPoint.pdf,2026-09-21,ACQUIRED,https://www.fmcs.gov/05-fair-is-fair-powerpoint/,GOVERNMENT_BULK/FMCS/41e769d9b349__05-Fair-is-Fair-PowerPoint.pdf,41e769d9b349cec4b415d80529caf73735b180a0e23a90750b8dee5864496f65,262709,application/pdf,200,FMCS
USGOV-6018696155B44555,2021 FMCS Org Chart,https://www.fmcs.gov/wp-content/uploads/2021/04/2021-FMCS-Org-Chart.pdf,2026-09-21,ACQUIRED,https://www.fmcs.gov/aboutus/agency-departments/2021-fmcs-org-chart/,GOVERNMENT_BULK/FMCS/398d77191493__2021-FMCS-Org-Chart.pdf,398d7719149327a55ff447a55297827af9c457fb4374923878a707d90531fe1f,12973,application/pdf,200,FMCS
USGOV-960614D51975DA84,All Biographies Alphabetically Arb Symposium,https://www.fmcs.gov/wp-content/uploads/2021/04/All-Biographies-Alphabetically-Arb-Symposium.pdf,2026-09-21,ACQUIRED,https://www.fmcs.gov/all-biographies-alphabetically-arb-symposium/,GOVERNMENT_BULK/FMCS/a6f0212173d7__All-Biographies-Alphabetically-Arb-Symposium.pdf,a6f0212173d74cc715b4da64a90032ac7645b6f66552dfdc0984297ef592848d,863676,application/pdf,200,FMCS
USGOV-F97918EC3BA6AC4C,FY21Qtr2NoFearActData,https://www.fmcs.gov/wp-content/uploads/2021/04/FY21Qtr2NoFearActData.pdf,2026-09-21,ACQUIRED,https://www.fmcs.gov/eeo-nofear/fy21qtr2nofearactdata/,GOVERNMENT_BULK/FMCS/9df56a6ab37e__FY21Qtr2NoFearActData.pdf,9df56a6ab37e9b6f77f1b7a87bb5e8df6c5c7698b02ac806c32b23997dbe6219,214155,application/pdf,200,FMCS
USGOV-EF2F3C4FE74CC45C,How the Arbitrators Rule Scenarios-4-30,https://www.fmcs.gov/wp-content/uploads/2021/04/How-the-Arbitrators-Rule-Scenarios-4-30.pdf,2026-09-21,ACQUIRED,https://www.fmcs.gov/how-the-arbitrators-rule-scenarios-4-30/,GOVERNMENT_BULK/FMCS/58bac937e242__How-the-Arbitrators-Rule-Scenarios-4-30.pdf,58bac937e2423a702d0c0a22e5ccbbc1f377717b138dc14828f289a711045146,242794,application/pdf,200,FMCS
USGOV-441D44180D46C2C4,2022 Congressional Budget Submission,https://www.fmcs.gov/wp-content/uploads/2021/05/2022-Congressional-Budget.pdf,2026-09-21,ACQUIRED,https://www.fmcs.gov/resources/documents-and-data/2022-congressional-budget/,GOVERNMENT_BULK/FMCS/4e2395a60617__2022-Congressional-Budget.pdf,4e2395a606173b3d60cdd3fc3f1551df41ea1b342ea3df86d1df4d982b745d38,1077499,application/pdf,200,FMCS
USGOV-BE28B4A8D14F4DFC,Evidence and Proof Outline,https://www.fmcs.gov/wp-content/uploads/2021/05/Evidence-and-Proof-Outline.pdf,2026-09-21,ACQUIRED,https://www.fmcs.gov/evidence-and-proof-outline/,GOVERNMENT_BULK/FMCS/8a9ab8c00832__Evidence-and-Proof-Outline.pdf,8a9ab8c00832251acb5699abcb2a6839a5ee2848c72176760b22f78bc83eade7,190517,application/pdf,200,FMCS
USGOV-97D5A7AD1F754C96,FMCS Co-Signs Partnership For Public Service’s Proclamation of Public Service Recognition Week,https://www.fmcs.gov/wp-content/uploads/2021/05/FMCS-Co-Signs-Partnership-For-Public-Services-Proclamation-of-Public-Service-Recognition-Week.pdf,2026-09-21,ACQUIRED,https://www.fmcs.gov/resources/documents-and-data/fmcs-co-signs-partnership-for-public-services-proclamation-of-public-service-recognition-week-2/,GOVERNMENT_BULK/FMCS/9da754e11b2c__FMCS-Co-Signs-Partnership-For-Public-Services-Proclamation-of-Public-Service-Recognition-Week.pdf,9da754e11b2c364d4630243129eeb73d6cbf77578e70cff548ab03e16056cf1a,262748,application/pdf,200,FMCS
USGOV-7EE12D47F9C3BEF3,FOIAxpress SORN August 2020,https://www.fmcs.gov/wp-content/uploads/2021/05/FOIAxpress-SORN-August-2020-signed.pdf,2026-09-21,ACQUIRED,https://www.fmcs.gov/privacy-policy/foiaxpress-sorn-august-2020-signed/,GOVERNMENT_BULK/FMCS/eeff9c66ac06__FOIAxpress-SORN-August-2020-signed.pdf,eeff9c66ac06844bac935e4ff7a319d44e0bf97678ade2c04c49bc1ecbc2d3c4,113805,application/pdf,200,FMCS
USGOV-60E8DDB9FFD51939,2018 FMCS Strategic Plan,https://www.fmcs.gov/wp-content/uploads/2021/07/2018-FMCS-Strategic-Plan.pdf,2026-09-21,DUPLICATE,https://www.fmcs.gov/resources/documents-and-data/2018-fmcs-strategic-plan-2/,GOVERNMENT_BULK/FMCS/1e2d0e616e3f__2018-FMCS-Strategic-Plan.pdf,1e2d0e616e3f74aadd1dc179137d4ecd4fc9063baf9d5abdb3fef6dfc36fa17e,234105,application/pdf,200,FMCS
USGOV-4B0C17348D624499,2020 FOIA Annual Report Raw Data,https://www.fmcs.gov/wp-content/uploads/2021/07/2020-FOIA-Annual-Report-Raw-Data.pdf,2026-09-21,ACQUIRED,https://www.fmcs.gov/resources/documents-and-data/2020-foia-annual-report-raw-data/,GOVERNMENT_BULK/FMCS/8206c1346f10__2020-FOIA-Annual-Report-Raw-Data.pdf,8206c1346f105ce7b2d747cd45d3193c807c168acaae7867efadde2724aeb322,160041,application/pdf,200,FMCS
USGOV-65C14D48088D02F4,2022-2026 FMCS Strategic Plan v02,https://www.fmcs.gov/wp-content/uploads/2021/07/2022-2026-FMCS-Strategic-Plan-v02.pdf,2026-09-21,ACQUIRED,https://www.fmcs.gov/resources/documents-and-data/2022-2026-fmcs-strategic-plan-v02/,GOVERNMENT_BULK/FMCS/4abe04ba445a__2022-2026-FMCS-Strategic-Plan-v02.pdf,4abe04ba445af80c494ab075cbfe646a15a71bb4320c57a40378870f74c27861,221255,application/pdf,200,FMCS
USGOV-E3EE8D3D66F9E20D,Privacy Statement MS Teams,https://www.fmcs.gov/wp-content/uploads/2021/08/Privacy-Statement-MS-Teams.pdf,2026-09-21,ACQUIRED,https://www.fmcs.gov/privacy-policy/privacy-statement-ms-teams/,GOVERNMENT_BULK/FMCS/cc79bf8b316f__Privacy-Statement-MS-Teams.pdf,cc79bf8b316f8a24500cdef3825980735ef2958507024cc8c38e60ace9c1b241,155076,application/pdf,200,FMCS
USGOV-91D6266A5753ACE5,Privacy Statement Zoom,https://www.fmcs.gov/wp-content/uploads/2021/08/Privacy-Statement-Zoom.pdf,2026-09-21,ACQUIRED,https://www.fmcs.gov/privacy-policy/privacy-statement-zoom/,GOVERNMENT_BULK/FMCS/b9e00ea4bcc1__Privacy-Statement-Zoom.pdf,b9e00ea4bcc1cbddf770feaf35d5088385dfdb49c93b6ecaff03dfd099e05a43,154679,application/pdf,200,FMCS
USGOV-7A411768DAF1F1D5,FMCS 2021 PAR (002),https://www.fmcs.gov/wp-content/uploads/2021/12/FMCS-2021-PAR-002.pdf,2026-09-21,ACQUIRED,https://www.fmcs.gov/fmcs-2021-par-002/,GOVERNMENT_BULK/FMCS/954cb99fa98d__FMCS-2021-PAR-002.pdf,954cb99fa98d7ef4eeb9e74b7672b0c2226cb2a897fba2482694f6285de02f67,919091,application/pdf,200,FMCS
USGOV-6F1BE80C159C82DA,FMCS Data Maturity Model 30 July 2020,https://www.fmcs.gov/wp-content/uploads/2021/12/FMCS-Data-Maturity-Model-30-July-2020.pdf,2026-09-21,ACQUIRED,https://www.fmcs.gov/data/fmcs-data-maturity-model-30-july-2020/,GOVERNMENT_BULK/FMCS/bc6a49f03549__FMCS-Data-Maturity-Model-30-July-2020.pdf,bc6a49f0354924d391bc450ec575a7f025627bd2399e09093b7c2c82636d40f3,2153478,application/pdf,200,FMCS
USGOV-EBF25CB7067E8BAA,R43_December2021,https://www.fmcs.gov/wp-content/uploads/2021/12/R43_December2021.pdf,2026-09-21,ACQUIRED,https://www.fmcs.gov/r43_december2021/,GOVERNMENT_BULK/FMCS/4802b97c863e__R43_December2021.pdf,4802b97c863e66c606d4d8e47fc63b4e14a26d621c6559c25fbe1acf9b51b9d6,1935587,application/pdf,200,FMCS
USGOV-7E22CD3C2704A6DB,R43_October2019,https://www.fmcs.gov/wp-content/uploads/2021/12/R43_October2019.pdf,2026-09-21,ACQUIRED,https://www.fmcs.gov/r43_october2019-2/,GOVERNMENT_BULK/FMCS/75d41f04d49b__R43_October2019.pdf,75d41f04d49be096787373d951f1102f48a7ff8689d8609fbc7d0771f82dbc4e,2491210,application/pdf,200,FMCS
USGOV-53EEA3E4272BB190,FMCS Fast Facts FY2021 update Jan 2022,https://www.fmcs.gov/wp-content/uploads/2022/01/FMCS-Fast-Facts-FY2021-update-Jan-2022.pdf,2026-09-21,ACQUIRED,https://www.fmcs.gov/resources/documents-and-data/fmcs-fast-facts-fy2021-update-jan-2022/,GOVERNMENT_BULK/FMCS/fe67d14b2425__FMCS-Fast-Facts-FY2021-update-Jan-2022.pdf,fe67d14b2425371e675bbc9b37e95dc879ea1e995f9dfdb704329d0d5e9f6461,1149268,application/pdf,200,FMCS
USGOV-F9090C804E5E8591,FMCS Reentry Plan as of Jan 21 2022,https://www.fmcs.gov/wp-content/uploads/2022/01/FMCS-Reentry-Plan-as-of-Jan-21-2022.pdf,2026-09-21,ACQUIRED,https://www.fmcs.gov/home-fmcs-2/fmcs-reentry-plan-as-of-jan-21-2022/,GOVERNMENT_BULK/FMCS/33061ec83f66__FMCS-Reentry-Plan-as-of-Jan-21-2022.pdf,33061ec83f66f6bd9c97704cef2dcaa07370066c6eec730733ac25533d2c69c5,649034,application/pdf,200,FMCS
USGOV-210E7C524451A56E,FMCS Role and Function -FY21 Update Jan 2022,https://www.fmcs.gov/wp-content/uploads/2022/01/FMCS-Role-and-Function-FY21-Update-Jan-2022-1.pdf,2026-09-21,ACQUIRED,https://www.fmcs.gov/resources/documents-and-data/fmcs-role-and-function-fy21-update-jan-2022-2/,GOVERNMENT_BULK/FMCS/1a16b2a69209__FMCS-Role-and-Function-FY21-Update-Jan-2022-1.pdf,1a16b2a69209adba4ef697a016114d3059d68470833809fd50a414dbb1c0134c,2954098,application/pdf,200,FMCS
USGOV-FBCF0971E51881EF,FMCS Role and Function -FY21 Update Jan 2022,https://www.fmcs.gov/wp-content/uploads/2022/01/FMCS-Role-and-Function-FY21-Update-Jan-2022-2.pdf,2026-09-21,ACQUIRED,https://www.fmcs.gov/resources/documents-and-data/fmcs-role-and-function-fy21-update-jan-2022-3/,GOVERNMENT_BULK/FMCS/511d0d6ffdae__FMCS-Role-and-Function-FY21-Update-Jan-2022-2.pdf,511d0d6ffdae2f124c6b12d6516b2f4d65bc34dbfbabe78c51bff16c9e8ff8d6,2954005,application/pdf,200,FMCS
USGOV-922FF5167FEB1EE7,FMCS Role and Function -FY21 Update Jan 2022,https://www.fmcs.gov/wp-content/uploads/2022/01/FMCS-Role-and-Function-FY21-Update-Jan-2022-3.pdf,2026-09-21,ACQUIRED,https://www.fmcs.gov/resources/documents-and-data/fmcs-role-and-function-fy21-update-jan-2022-5/,GOVERNMENT_BULK/FMCS/f264e85141c7__FMCS-Role-and-Function-FY21-Update-Jan-2022-3.pdf,f264e85141c78e9a6a2503f81f01a13a53460532067e95baede511a04aa9f0d2,2997751,application/pdf,200,FMCS
USGOV-94F490A321669C94,FMCS Role and Function -FY21 Update Jan 2022,https://www.fmcs.gov/wp-content/uploads/2022/01/FMCS-Role-and-Function-FY21-Update-Jan-2022-4.pdf,2026-09-21,ACQUIRED,https://www.fmcs.gov/resources/documents-and-data/fmcs-role-and-function-fy21-update-jan-2022-7/,GOVERNMENT_BULK/FMCS/5a9912dcbeac__FMCS-Role-and-Function-FY21-Update-Jan-2022-4.pdf,5a9912dcbeac72b602fb6dfcf6e5a71b5f4cce41b6ff3ce02167a018c4e21af7,2997754,application/pdf,200,FMCS
USGOV-BA382F2D0D254A85,FMCS Role and Function -FY21 Update Jan 2022,https://www.fmcs.gov/wp-content/uploads/2022/01/FMCS-Role-and-Function-FY21-Update-Jan-2022.pdf,2026-09-21,ACQUIRED,https://www.fmcs.gov/resources/documents-and-data/fmcs-role-and-function-fy21-update-jan-2022/,GOVERNMENT_BULK/FMCS/c9d0d7eb147c__FMCS-Role-and-Function-FY21-Update-Jan-2022.pdf,c9d0d7eb147cf4799209344cab01250f08ef49633455d8c4a687bb54b705252d,3038895,application/pdf,200,FMCS
USGOV-721D66D3B40D1B54,Pre-Conference Kicks Off Runup to FMCS 2022 Virtual NLMC,https://www.fmcs.gov/wp-content/uploads/2022/01/Pre-Conference-Kicks-Off-Runup-to-FMCS-2022-Virtual-NLMC-Final.pdf,2026-09-21,ACQUIRED,https://www.fmcs.gov/resources/documents-and-data/pre-conference-kicks-off-runup-to-fmcs-2022-virtual-nlmc-final/,GOVERNMENT_BULK/FMCS/1b91386b15bf__Pre-Conference-Kicks-Off-Runup-to-FMCS-2022-Virtual-NLMC-Final.pdf,1b91386b15bf297043a01bc79a9ed01ee403ddb897086233eeb4cadbf267558c,377745,application/pdf,200,FMCS
USGOV-AA83944F25C0775D,FMCS Photography SORN 2022 (1),https://www.fmcs.gov/wp-content/uploads/2022/02/FMCS-Photography-SORN-2022-1.pdf,2026-09-21,ACQUIRED,https://www.fmcs.gov/privacy-policy/fmcs-photography-sorn-2022-1/,GOVERNMENT_BULK/FMCS/e3ddd6735717__FMCS-Photography-SORN-2022-1.pdf,e3ddd6735717ae767d360c999eb60fd319070e3237e525a2db6fc3a6fab1af6c,98232,application/pdf,200,FMCS
USGOV-606F74373EB85028,FMCS Photography SORN 2022,https://www.fmcs.gov/wp-content/uploads/2022/02/FMCS-Photography-SORN-2022.pdf,2026-09-21,ACQUIRED,https://www.fmcs.gov/privacy-policy/fmcs-photography-sorn-2022/,GOVERNMENT_BULK/FMCS/11efe8d12ccf__FMCS-Photography-SORN-2022.pdf,11efe8d12ccf95b311ed0a8533312c86b4da715c41238063278b1d6ea462cdc6,98232,application/pdf,200,FMCS
USGOV-3CDE736BFE93208B,FMCS Public Health Emergency SORN 2022,https://www.fmcs.gov/wp-content/uploads/2022/02/FMCS-Public-Health-Emergency-SORN-2022.pdf,2026-09-21,ACQUIRED,https://www.fmcs.gov/privacy-policy/fmcs-public-health-emergency-sorn-2022/,GOVERNMENT_BULK/FMCS/a07a6c42928c__FMCS-Public-Health-Emergency-SORN-2022.pdf,a07a6c42928c4951e15c3c01759b1518014c2fee0f4a115b4cfa134dc5080359,128767,application/pdf,200,FMCS
USGOV-5CFF4086CD257A67,"Ramirez, Javier",https://www.fmcs.gov/wp-content/uploads/2022/02/Ramirez-Javier.pdf,2026-09-21,ACQUIRED,https://www.fmcs.gov/ramierez/ramirez-javier/ramierez/ramirez-javier/,GOVERNMENT_BULK/FMCS/73d96a880227__Ramirez-Javier.pdf,73d96a880227325c39d21d3cdfd50f2dc6a42ca16fa61c6c7f73d9ff46676b1d,241043,application/pdf,200,FMCS
USGOV-83C4D249DAB05DF7,Reasonable Accommodations SORN 2022,https://www.fmcs.gov/wp-content/uploads/2022/02/Reasonable-Accommodations-SORN-2022.pdf,2026-09-21,ACQUIRED,https://www.fmcs.gov/privacy-policy/reasonable-accommodations-sorn-2022/,GOVERNMENT_BULK/FMCS/17dfc515117b__Reasonable-Accommodations-SORN-2022.pdf,17dfc515117bbccb88b4b420a158b12152c104cfa37e9972be6f0cc951181318,130036,application/pdf,200,FMCS
USGOV-F16B4D146EEC1B44,2021 FOIA Annual Report – XML,https://www.fmcs.gov/wp-content/uploads/2022/03/2020-FOIA-Annual-Report-XML.pdf,2026-09-21,ACQUIRED,https://www.fmcs.gov/resources/documents-and-data/2020-foia-annual-report-xml-2/,GOVERNMENT_BULK/FMCS/02a1dd4dd5ad__2020-FOIA-Annual-Report-XML.pdf,02a1dd4dd5ad4e3151c252c5e9df50a8ad4c9e4ae2b76b62df33f4984d3bab8e,76834,application/pdf,200,FMCS
USGOV-52831BBD2467C6A0,2021 Chief FOIA Officer Report,https://www.fmcs.gov/wp-content/uploads/2022/03/2021-Chief-FOIA-Officer-Report.pdf,2026-09-21,ACQUIRED,https://www.fmcs.gov/resources/documents-and-data/2021-chief-foia-officer-report/,GOVERNMENT_BULK/FMCS/c529d6899511__2021-Chief-FOIA-Officer-Report.pdf,c529d689951125f9699b0b5bc7a6a313d8008e1d76381d87bb604c2996d6ea74,199293,application/pdf,200,FMCS
USGOV-4C631F6F74288404,2021 FOIA Annual Report,https://www.fmcs.gov/wp-content/uploads/2022/03/2021_FOIA_Annual_Report.pdf,2026-09-21,ACQUIRED,https://www.fmcs.gov/resources/documents-and-data/2021_foia_annual_report/,GOVERNMENT_BULK/FMCS/d7f1f32683df__2021_FOIA_Annual_Report.pdf,d7f1f32683dfdd234e55aa6e4f75423870b26e62f02b4c6cfefe0d0565b017eb,268093,application/pdf,200,FMCS
USGOV-7B8FF2096E09C222,2023 Congressional Budget,https://www.fmcs.gov/wp-content/uploads/2022/03/2023-Congressional-Budget-1.pdf,2026-09-21,ACQUIRED,https://www.fmcs.gov/resources/documents-and-data/2023-congressional-budget-2/,GOVERNMENT_BULK/FMCS/a0eb719868b5__2023-Congressional-Budget-1.pdf,a0eb719868b57d728f13eea7bff03ac8e0fd097d32f61bca916dbc29ec99e4f5,1145154,application/pdf,200,FMCS
USGOV-620BD5D43B1C31CB,FMCS Case Records SORN,https://www.fmcs.gov/wp-content/uploads/2022/03/3-11-22-FMCS-Case-Records-SORN-FINAL.pdf,2026-09-21,ACQUIRED,https://www.fmcs.gov/privacy-policy/3-11-22-fmcs-case-records-sorn-final/,GOVERNMENT_BULK/FMCS/55ca062153e5__3-11-22-FMCS-Case-Records-SORN-FINAL.pdf,55ca062153e5d9257a66f441204ad71085aa5e0dfee48d29ab48b93af1db942d,141626,application/pdf,200,FMCS
USGOV-64E7DFADF3BAF050,2022 Arbitration SORN,https://www.fmcs.gov/wp-content/uploads/2022/03/3-18-22-Arbitration-Final-SORN.pdf,2026-09-21,ACQUIRED,https://www.fmcs.gov/privacy-policy/3-18-22-arbitration-final-sorn/,GOVERNMENT_BULK/FMCS/f387bbf762e7__3-18-22-Arbitration-Final-SORN.pdf,f387bbf762e7e81774a811b49831c996382b4157614a73a44441b3b453b98f01,231407,application/pdf,200,FMCS
USGOV-4EB9AE744C4F21B7,3-21-22 Arbitration SORN Final,https://www.fmcs.gov/wp-content/uploads/2022/04/3-21-22-Arbitration-SORN-Final.pdf,2026-09-21,ACQUIRED,https://www.fmcs.gov/sorns/3-21-22-arbitration-sorn-final/,GOVERNMENT_BULK/FMCS/02586a799123__3-21-22-Arbitration-SORN-Final.pdf,02586a799123a71eaa304ece490cbffc755debaf75fdb5ad61c97ca18f51e30f,229411,application/pdf,200,FMCS
USGOV-2CB0D9F24E483605,FMCS EEO Policy Statement FY22 April 12 2022 signed,https://www.fmcs.gov/wp-content/uploads/2022/04/FMCS-EEO-Policy-Statement-FY22-April-12-2022-signed.pdf,2026-09-21,ACQUIRED,https://www.fmcs.gov/eeo-nofear/fmcs-eeo-policy-statement-fy22-april-12-2022-signed/,GOVERNMENT_BULK/FMCS/97e2d0b9c5e7__FMCS-EEO-Policy-Statement-FY22-April-12-2022-signed.pdf,97e2d0b9c5e76fe908f855ea7cb09519a180e374de64ac35ad32fd3a76b337d3,261121,application/pdf,200,FMCS
USGOV-506140FD11D45D20,FMCS EEO Policy Statement Revised FY22 April 21 2022 signed,https://www.fmcs.gov/wp-content/uploads/2022/04/FMCS-EEO-Policy-Statement-Revised-FY22-April-21-2022-signed.pdf,2026-09-21,ACQUIRED,https://www.fmcs.gov/eeo-nofear/fmcs-eeo-policy-statement-revised-fy22-april-21-2022-signed/,GOVERNMENT_BULK/FMCS/9c23a0d98ccc__FMCS-EEO-Policy-Statement-Revised-FY22-April-21-2022-signed.pdf,9c23a0d98cccf2f11183a25b324b2d5f5313b8f03b189f31113068c1a579cd7d,235384,application/pdf,200,FMCS
USGOV-D4F4D7A1E09B3C2F,FMCS Launches Lessons In Leadership Speaker Series,https://www.fmcs.gov/wp-content/uploads/2022/04/FMCS-Launches-Lessons-In-Leadership-Speaker-Series.pdf,2026-09-21,ACQUIRED,https://www.fmcs.gov/resources/documents-and-data/fmcs-launches-lessons-in-leadership-speaker-series-2/,GOVERNMENT_BULK/FMCS/09bebc629e57__FMCS-Launches-Lessons-In-Leadership-Speaker-Series.pdf,09bebc629e5720a3201cacd90506a6c9766c8ce3b2afc8f78400ea4d07445f58,445937,application/pdf,200,FMCS
USGOV-4A469DAC8A4ED65E,FMCS Offers No-Cost Card Check Services,https://www.fmcs.gov/wp-content/uploads/2022/04/FMCS-Offers-No-Cost-Card-Check-Services.pdf,2026-09-21,ACQUIRED,https://www.fmcs.gov/resources/documents-and-data/fmcs-offers-no-cost-card-check-services-2/,GOVERNMENT_BULK/FMCS/f6caba7c0964__FMCS-Offers-No-Cost-Card-Check-Services.pdf,f6caba7c09643bf1e21bc4ebc5e2a52af48f7b47f0bc0bd6518294deec5d2b78,239175,application/pdf,200,FMCS
USGOV-D93A2C57464F3832,FY22-26 Strategic Plan,https://www.fmcs.gov/wp-content/uploads/2022/04/FY22-26-Strategic-Plan-20220223.pdf,2026-09-21,ACQUIRED,https://www.fmcs.gov/resources/documents-and-data/fy22-26-strategic-plan-20220223/,GOVERNMENT_BULK/FMCS/7b1bbc2092e9__FY22-26-Strategic-Plan-20220223.pdf,7b1bbc2092e94e4dc0fccc16dc89b351c387cc6bd020e60d1d2b320340f57601,448914,application/pdf,200,FMCS
USGOV-52ADC416BF2E99AF,MD-175 Report Part J,https://www.fmcs.gov/wp-content/uploads/2022/04/Part-Data-2020-from-EEOC-Website.pdf,2026-09-21,ACQUIRED,https://www.fmcs.gov/eeo-nofear/part-data-2020-from-eeoc-website/,GOVERNMENT_BULK/FMCS/489e8856d4c8__Part-Data-2020-from-EEOC-Website.pdf,489e8856d4c8a1c379f42b0a46dacfca1ae2064d1622302fd5b704f9ed01e46d,133357,application/pdf,200,FMCS
USGOV-24FB8C2E6C9B2514,Part J (3),https://www.fmcs.gov/wp-content/uploads/2022/04/Part-J-3.pdf,2026-09-21,ACQUIRED,https://www.fmcs.gov/eeo-nofear/part-j-3/,GOVERNMENT_BULK/FMCS/0113ff7941ec__Part-J-3.pdf,0113ff7941ec640db87a3809ec7a6ec183320b4d2c7ae6af68e1e5b64d78b8cd,41592,application/pdf,200,FMCS
USGOV-BA4286661A010974,FMCS FY16 SCI Report & FY17 Planned Analysis,https://www.fmcs.gov/wp-content/uploads/2022/05/FMCS-FY16-SCI-Report-FY17-Planned-Analysis.pdf,2026-09-21,ACQUIRED,https://www.fmcs.gov/resources/documents-and-data/fmcs-fy16-sci-report-fy17-planned-analysis/,GOVERNMENT_BULK/FMCS/1eb1c0fd3e18__FMCS-FY16-SCI-Report-FY17-Planned-Analysis.pdf,1eb1c0fd3e18b423b19cbece4379214b6c96cd8813f6d2200fe10e4143026c38,227312,application/pdf,200,FMCS
USGOV-4A548A28EC0BE809,FMCS FY17 SCI Report_FY18 Planned Analysis,https://www.fmcs.gov/wp-content/uploads/2022/05/FMCS-FY17-SCI-Report_FY18-Planned-Analysis.pdf,2026-09-21,ACQUIRED,https://www.fmcs.gov/resources/documents-and-data/fmcs-fy17-sci-report_fy18-planned-analysis/,GOVERNMENT_BULK/FMCS/082a24ff9cac__FMCS-FY17-SCI-Report_FY18-Planned-Analysis.pdf,082a24ff9cac3e60bcb02fa59478eba4e6a782e44bbe2bedae913dcf4d8d5378,227391,application/pdf,200,FMCS
USGOV-6CFF335B5D8D73FC,FMCS FY18 SCI Report_FY19 Planned Analysis,https://www.fmcs.gov/wp-content/uploads/2022/05/FMCS-FY18-SCI-Report_FY19-Planned-Analysis.pdf,2026-09-21,ACQUIRED,https://www.fmcs.gov/resources/documents-and-data/fmcs-fy18-sci-report_fy19-planned-analysis/,GOVERNMENT_BULK/FMCS/0c73f11ff58b__FMCS-FY18-SCI-Report_FY19-Planned-Analysis.pdf,0c73f11ff58bcf5f4e2bdb626e4324b7de74e9acdc0fc58a7314e535a5a2f663,227498,application/pdf,200,FMCS
USGOV-25B08C64FFB55E97,FMCS Survey SORN,https://www.fmcs.gov/wp-content/uploads/2022/05/FMCS-Survey-SORN.pdf,2026-09-21,ACQUIRED,https://www.fmcs.gov/sorns/fmcs-survey-sorn/,GOVERNMENT_BULK/FMCS/b81a203d6b97__FMCS-Survey-SORN.pdf,b81a203d6b97af71c327ec297b380439cccba7c9100626beeec5178546fc3139,162300,application/pdf,200,FMCS
USGOV-C57A6199378BAE1B,Requester Categories and Fees,https://www.fmcs.gov/wp-content/uploads/2022/06/Requester-Categories-and-Fees.pdf,2026-09-21,ACQUIRED,https://www.fmcs.gov/foia/requester-categories-and-fees/,GOVERNMENT_BULK/FMCS/081d0adb43c0__Requester-Categories-and-Fees.pdf,081d0adb43c097e3aeab6fa92bd94da49ff144df7dc7c2f18f00a5c171081dc9,54846,application/pdf,200,FMCS
USGOV-90E06911FF8EF628,DIRECTIVE 5809_ELIMINATION AND PREVENTION OF HARASSMENT,https://www.fmcs.gov/wp-content/uploads/2022/07/DIRECTIVE-5809_ELIMINATION-AND-PREVENTION-OF-HARASSMENT.pdf,2026-09-21,ACQUIRED,https://www.fmcs.gov/eeo-nofear/directive-5809_elimination-and-prevention-of-harassment/,GOVERNMENT_BULK/FMCS/6cfb2c26f912__DIRECTIVE-5809_ELIMINATION-AND-PREVENTION-OF-HARASSMENT.pdf,6cfb2c26f912a02d1702db0c21b144a2a0947f14f59a3953661186e067ed382b,258745,application/pdf,200,FMCS
USGOV-82902DC10EBA825E,FMCS Conference SORN,https://www.fmcs.gov/wp-content/uploads/2022/07/FMCS-Conference-SORN.pdf,2026-09-21,ACQUIRED,https://www.fmcs.gov/sorns/fmcs-conference-sorn/,GOVERNMENT_BULK/FMCS/7b9c8bf310c4__FMCS-Conference-SORN.pdf,7b9c8bf310c40047eb2ac54f57d188ed7c232fa3c470a42d38802149961e1956,230439,application/pdf,200,FMCS
USGOV-F103C429496B94D8,FMCS Institute SORN,https://www.fmcs.gov/wp-content/uploads/2022/07/FMCS-Institute-SORN.pdf,2026-09-21,ACQUIRED,https://www.fmcs.gov/sorns/fmcs-institute-sorn/,GOVERNMENT_BULK/FMCS/be8ece9dcf57__FMCS-Institute-SORN.pdf,be8ece9dcf57ad41a1014b6d9e6f2b6af30a00e1b4fb153c38ab6ab12b89a926,228022,application/pdf,200,FMCS
USGOV-DF703F724F01D3C2,Labor and Management Industry Sports and Government Leaders Make National Conference a Virtual All-Star Event,https://www.fmcs.gov/wp-content/uploads/2022/07/Labor-and-Management-Industry-Sports-and-Government-Leaders-Make-National-Conference-a-Virtual-All-Star-Event.pdf,2026-09-21,ACQUIRED,https://www.fmcs.gov/resources/documents-and-data/labor-and-management-industry-sports-and-government-leaders-make-national-conference-a-virtual-all-star-event-2/,GOVERNMENT_BULK/FMCS/ea5ab7d7dae0__Labor-and-Management-Industry-Sports-and-Government-Leaders-Make-National-Conference-a-Virtual-All-Star-Event.pdf,ea5ab7d7dae05c52b360fcffc9f36a09a160e86dbf00963ab1fce2592a4643e9,262041,application/pdf,200,FMCS
USGOV-CE535151511FDA32,FMCS Ethics Records SORN 2022,https://www.fmcs.gov/wp-content/uploads/2022/08/FMCS-Ethics-Records-SORN.pdf,2026-09-21,ACQUIRED,https://www.fmcs.gov/sorns/fmcs-ethics-records-sorn/,GOVERNMENT_BULK/FMCS/6297cebf17f2__FMCS-Ethics-Records-SORN.pdf,6297cebf17f21706eaa7bacfab500713ce36ac118499d03b1bf8640d3f8bcfae,188853,application/pdf,200,FMCS
USGOV-FBDB67F99FEFF508,9-20-22 FMCS Conference System PIA,https://www.fmcs.gov/wp-content/uploads/2022/09/9-20-22-FMCS-Conference-System-PIA-1.pdf,2026-09-21,ACQUIRED,https://www.fmcs.gov/privacy-policy/9-20-22-fmcs-conference-system-pia-2/,GOVERNMENT_BULK/FMCS/7083af52353f__9-20-22-FMCS-Conference-System-PIA-1.pdf,7083af52353fcb037adb4f1d3293a2196613567fbac12cc7ac7ff73d7415fb1f,310978,application/pdf,200,FMCS
USGOV-DF82ABC594C5C0E9,2022 Privacy Impact Assessment FMCS Conference System,https://www.fmcs.gov/wp-content/uploads/2022/09/9-20-22-FMCS-Conference-System-PIA.pdf,2026-09-21,ACQUIRED,https://www.fmcs.gov/privacy-policy/9-20-22-fmcs-conference-system-pia/,GOVERNMENT_BULK/FMCS/a45e4845be8a__9-20-22-FMCS-Conference-System-PIA.pdf,a45e4845be8a19529cbc2d6b506935b7614bd9925914ffd12964b90094e66f8a,247774,application/pdf,200,FMCS
USGOV-96534A7F8EF44473,Conflict Resolution Week Terms,https://www.fmcs.gov/wp-content/uploads/2022/09/Conflict-Resolution-Week-Terms.pdf,2026-09-21,ACQUIRED,https://www.fmcs.gov/conflict-resolution-week-terms/,GOVERNMENT_BULK/FMCS/873b239c67fd__Conflict-Resolution-Week-Terms.pdf,873b239c67fd094ace9053f0fd08b9e2b54e324bc2a3bc37a048da78cb6c87e2,37114,application/pdf,200,FMCS
USGOV-5F2AB731359A6A7A,MSPB Announces PFR Mediation Pilot Program With FMCS,https://www.fmcs.gov/wp-content/uploads/2022/09/PFR-RAMP-Press-Release-joint-version-with-seals.pdf,2026-09-21,ACQUIRED,https://www.fmcs.gov/resources/documents-and-data/pfr-ramp-press-release-joint-version-with-seals/,GOVERNMENT_BULK/FMCS/d30cd5a4a2c8__PFR-RAMP-Press-Release-joint-version-with-seals.pdf,d30cd5a4a2c8f54a6439281181495d006b9babaa311acf7ab1be71041d092058,157270,application/pdf,200,FMCS
USGOV-15F47559B46C3AFD,10-6-22 AD edits to Requester Categories and Fees,https://www.fmcs.gov/wp-content/uploads/2022/10/10-6-22-AD-edits-to-Requester-Categories-and-Fees.pdf,2026-09-21,ACQUIRED,https://www.fmcs.gov/foia/10-6-22-ad-edits-to-requester-categories-and-fees/,GOVERNMENT_BULK/FMCS/e12fb456846a__10-6-22-AD-edits-to-Requester-Categories-and-Fees.pdf,e12fb456846ab5b328976b19037e8f78977297abcc56d5c5c74ea820d310acb4,60050,application/pdf,200,FMCS
USGOV-8C2BC91F91B4E3AD,AoIHandouts,https://www.fmcs.gov/wp-content/uploads/2022/10/AoIHandouts.pdf,2026-09-21,ACQUIRED,https://www.fmcs.gov/aoihandouts/,GOVERNMENT_BULK/FMCS/346185ea03f6__AoIHandouts.pdf,346185ea03f6cef57eb7da3e1033aec4e49b150cd3867b146e6834b20eb7bec4,828976,application/pdf,200,FMCS
USGOV-C4AAB89292DE9280,CRWConnectingConflictResolutionariesSlidesPDF,https://www.fmcs.gov/wp-content/uploads/2022/10/CRWConnectingConflictResolutionariesSlidesPDF.pdf,2026-09-21,ACQUIRED,https://www.fmcs.gov/crwconnectingconflictresolutionariesslidespdf/,GOVERNMENT_BULK/FMCS/642b49ab9950__CRWConnectingConflictResolutionariesSlidesPDF.pdf,642b49ab995042e4f6c42ea3b615d903dfe37fadb2dd80e3f77c16d49d5f0bcf,2693705,application/pdf,200,FMCS
USGOV-CE274B8C1E4B21C8,Cognitive Bias in Negotiations for CRW,https://www.fmcs.gov/wp-content/uploads/2022/10/Cognitive-Bias-in-Negotiations-for-CRW.pdf,2026-09-21,ACQUIRED,https://www.fmcs.gov/cognitive-bias-in-negotiations-for-crw/,GOVERNMENT_BULK/FMCS/e7e4a4dae17c__Cognitive-Bias-in-Negotiations-for-CRW.pdf,e7e4a4dae17c1bb87f1d34abcce27a28a03acb8c028ee9b85d2a89554a3c7c1c,3161576,application/pdf,200,FMCS
USGOV-E9793FCE2C0988DD,CommunicatingWhenStakesHighSlides,https://www.fmcs.gov/wp-content/uploads/2022/10/CommunicatingWhenStakesHighSlides.pdf,2026-09-21,ACQUIRED,https://www.fmcs.gov/communicatingwhenstakeshighslides/,GOVERNMENT_BULK/FMCS/785236448c76__CommunicatingWhenStakesHighSlides.pdf,785236448c76547a7f865d869bd1e26a1afde5729ebbb5b384230d80709b1f79,2376658,application/pdf,200,FMCS
USGOV-2A028DFA3AD426DE,ConflictResolution75YearsOpening,https://www.fmcs.gov/wp-content/uploads/2022/10/ConflictResolution75YearsOpening.pdf,2026-09-21,ACQUIRED,https://www.fmcs.gov/conflictresolution75yearsopening/,GOVERNMENT_BULK/FMCS/0751d7aef0ba__ConflictResolution75YearsOpening.pdf,0751d7aef0bab9fa16ba6f665d7caa8fec48dc40c2179b4e7d5d3fa7e01a2efb,2147050,application/pdf,200,FMCS
USGOV-1FFF041BC68C75F5,FMCS Congratulates Department of Defense Education Activity and Overseas Federation of Teachers on Pivotal Agreement,https://www.fmcs.gov/wp-content/uploads/2022/10/FMCS-Congratulates-Department-of-Defense-Education-Activity-and-Overseas-Federation-of-Teachers-on-Pivotal-Agreement.pdf,2026-09-21,ACQUIRED,https://www.fmcs.gov/resources/documents-and-data/fmcs-congratulates-department-of-defense-education-activity-and-overseas-federation-of-teachers-on-pivotal-agreement-2/,GOVERNMENT_BULK/FMCS/6674bd0a003c__FMCS-Congratulates-Department-of-Defense-Education-Activity-and-Overseas-Federation-of-Teachers-on-Pivotal-Agreement.pdf,6674bd0a003c92db43a1f905747921d209bb7b52203ced275b716518ed755184,286772,application/pdf,200,FMCS
USGOV-180268C60E76B1E3,FMCS Marks 75th Anniversary During Conflict Resolution Week,https://www.fmcs.gov/wp-content/uploads/2022/10/FMCS-Marks-75th-Anniversary-During-Conflict-Resolution-Week-.pdf,2026-09-21,ACQUIRED,https://www.fmcs.gov/resources/documents-and-data/fmcs-marks-75th-anniversary-during-conflict-resolution-week/,GOVERNMENT_BULK/FMCS/cbfa1a8e091d__FMCS-Marks-75th-Anniversary-During-Conflict-Resolution-Week-.pdf,cbfa1a8e091d29a57a692576c9810207165b5dda25ea8b957ec3c12619a83b73,187513,application/pdf,200,FMCS
USGOV-9A0495DBE98289E1,MindfulApologyPDFSlides,https://www.fmcs.gov/wp-content/uploads/2022/10/MindfulApologyPDFSlides.pdf,2026-09-21,ACQUIRED,https://www.fmcs.gov/mindfulapologypdfslides/,GOVERNMENT_BULK/FMCS/120938596efc__MindfulApologyPDFSlides.pdf,120938596efc5682483cb789854b7966e22dd6085134587e4eb25f94d09d1f4e,1933855,application/pdf,200,FMCS
USGOV-A58FE7018FC56C7C,MockEEOSessionSlidesPDF,https://www.fmcs.gov/wp-content/uploads/2022/10/MockEEOSessionSlidesPDF.pdf,2026-09-21,ACQUIRED,https://www.fmcs.gov/mockeeosessionslidespdf/,GOVERNMENT_BULK/FMCS/c82a7444d78a__MockEEOSessionSlidesPDF.pdf,c82a7444d78a4a8c98b3c02b102e9ef710ab565e82c47e013417ba7953484b7d,951455,application/pdf,200,FMCS
USGOV-EAD9242E67AD532A,R-43,https://www.fmcs.gov/wp-content/uploads/2022/10/R43202210.pdf,2026-09-21,ACQUIRED,https://www.fmcs.gov/resources/forms-applications/arbitration/r43202210/,GOVERNMENT_BULK/FMCS/9b907414e4db__R43202210.pdf,9b907414e4db7e922c34e2cf9e14a4290b348389e5a48a9e7ce1493eadf587f2,4095989,application/pdf,200,FMCS
USGOV-DBA97BF4A587D354,(SLIDES) Restorative Grievance Mediation – FMCS CRW.22,https://www.fmcs.gov/wp-content/uploads/2022/10/SLIDES-Restorative-Grievance-Mediation-FMCS-CRW.22.pdf,2026-09-21,ACQUIRED,https://www.fmcs.gov/slides-restorative-grievance-mediation-fmcs-crw-22/,GOVERNMENT_BULK/FMCS/d4744685bda2__SLIDES-Restorative-Grievance-Mediation-FMCS-CRW.22.pdf,d4744685bda2076204f55e4ffe525ea4e98563e8f4fb84ffb1c2fde927955171,1404997,application/pdf,200,FMCS
USGOV-F5DDE80D9DB3ED4A,Thousands Attend FMCS’s Free Conflict Resolution Week Webinar Series,https://www.fmcs.gov/wp-content/uploads/2022/10/Thousands-Attend-FMCSs-Free-Conflict-Resolution-Week-Webinar-Series.pdf,2026-09-21,ACQUIRED,https://www.fmcs.gov/resources/documents-and-data/thousands-attend-fmcss-free-conflict-resolution-week-webinar-series-2/,GOVERNMENT_BULK/FMCS/3b8ff6672b7a__Thousands-Attend-FMCSs-Free-Conflict-Resolution-Week-Webinar-Series.pdf,3b8ff6672b7abb2ca9962c2441648b525d1a4265ec6ab0e2a844d01fbb7d4675,246634,application/pdf,200,FMCS
USGOV-A9A7CAAB22CCF27D,"Affirmative Action Plan for the Recruitment, Hiring, Advancement, and Retention of Persons with Disabilities",https://www.fmcs.gov/wp-content/uploads/2022/11/Affirmative-Action-Plan-for-the-Recruitment-Hiring-Advancement-and-Retention-of-Persons-with-Disabilities.pdf,2026-09-21,ACQUIRED,https://www.fmcs.gov/eeo-nofear/affirmative-action-plan-for-the-recruitment-hiring-advancement-and-retention-of-persons-with-disabilities/,GOVERNMENT_BULK/FMCS/0f14ff5b58ea__Affirmative-Action-Plan-for-the-Recruitment-Hiring-Advancement-and-Retention-of-Persons-with-Disabilities.pdf,0f14ff5b58eaa7d5dcf4b04914df68fbadfa94230b2695c82406e30418a33554,45115,application/pdf,200,FMCS
USGOV-FD91697D9C2A5A8E,DIRECTIVE 5707 – REASONABLE ACCOMODATION,https://www.fmcs.gov/wp-content/uploads/2022/11/DIRECTIVE-5707-REASONABLE-ACCOMODATION.pdf,2026-09-21,ACQUIRED,https://www.fmcs.gov/resources/documents-and-data/directive-5707-reasonable-accomodation/,GOVERNMENT_BULK/FMCS/9429dc57c392__DIRECTIVE-5707-REASONABLE-ACCOMODATION.pdf,9429dc57c39212441cad5281e938272ef7cf72f4e041d6e98552940281d968dc,56461,application/pdf,200,FMCS
USGOV-0100C00AA3DBDFD3,FMCS Congratulates Parties in Resolving Gulf Coast Rail Dispute,https://www.fmcs.gov/wp-content/uploads/2022/11/FMCS-Congratulates-Parties-in-Resolving-Gulf-Coast-Rail-Dispute.pdf,2026-09-21,ACQUIRED,https://www.fmcs.gov/resources/documents-and-data/fmcs-congratulates-parties-in-resolving-gulf-coast-rail-dispute-2/,GOVERNMENT_BULK/FMCS/334edac1e720__FMCS-Congratulates-Parties-in-Resolving-Gulf-Coast-Rail-Dispute.pdf,334edac1e7204cfe0a7185426fd30bbf717bf3fd2b1a524a5f1f42bc08f22501,235986,application/pdf,200,FMCS
USGOV-B15F419ADA40B3F4,FMCS PAR FY22,https://www.fmcs.gov/wp-content/uploads/2022/11/FMCS-PAR-FY22.pdf,2026-09-21,ACQUIRED,https://www.fmcs.gov/fmcs-par-fy22/,GOVERNMENT_BULK/FMCS/c3ec7024416b__FMCS-PAR-FY22.pdf,c3ec7024416b3623005376e5c41d602c027257a8b2c0aa1a509463965838316c,966109,application/pdf,200,FMCS
USGOV-B79D4C894B1AA7FE,FMCSApp. Directive 5707_Appendix 1 –,https://www.fmcs.gov/wp-content/uploads/2022/11/FMCSApp.-Directive-5707_Appendix-1-.pdf,2026-09-21,ACQUIRED,https://www.fmcs.gov/resources/documents-and-data/fmcsapp-directive-5707_appendix-1/,GOVERNMENT_BULK/FMCS/da4668cb9c50__FMCSApp.-Directive-5707_Appendix-1-.pdf,da4668cb9c5067acee85ef315b398c94dccbb876117f9d7ddb1b6da80aaefae6,168468,application/pdf,200,FMCS
USGOV-D9D211AF6D4370DC,R43202211,https://www.fmcs.gov/wp-content/uploads/2022/11/R43202211.pdf,2026-09-21,ACQUIRED,https://www.fmcs.gov/r43202211/,GOVERNMENT_BULK/FMCS/293cfa9768b1__R43202211.pdf,293cfa9768b1d006f383badb17949891e8ba9bfddbad495f5e5875b456759f63,1545355,application/pdf,200,FMCS
USGOV-409AD50A3F62F57B,R43_X20250731,https://www.fmcs.gov/wp-content/uploads/2022/11/R43_X20250731.pdf,2026-09-21,ACQUIRED,https://www.fmcs.gov/r43_x20250731/,GOVERNMENT_BULK/FMCS/383b54cca55c__R43_X20250731.pdf,383b54cca55cf69b925e9c8e838022fb091a7374ed6d67fd93a11d2bd5214c9e,4096003,application/pdf,200,FMCS
USGOV-5A781142CDCBACA7,Reasonable Accommodation Request Form – FIllable,https://www.fmcs.gov/wp-content/uploads/2022/11/Reasonable-Accommodation-Request-Form-FIllable.pdf,2026-09-21,ACQUIRED,https://www.fmcs.gov/resources/documents-and-data/reasonable-accommodation-request-form-fillable/,GOVERNMENT_BULK/FMCS/ac645829be09__Reasonable-Accommodation-Request-Form-FIllable.pdf,ac645829be095ad4feecb3738e76a69f8081b1984120219b1ed8f875c1cda55f,363679,application/pdf,200,FMCS
USGOV-A9FD981BF390A1A7,2023-FMCS-Lapse-Plan,https://www.fmcs.gov/wp-content/uploads/2022/12/2023-FMCS-Lapse-Plan.pdf,2026-09-21,ACQUIRED,https://www.fmcs.gov/2023-fmcs-lapse-plan/,GOVERNMENT_BULK/FMCS/638c5913534b__2023-FMCS-Lapse-Plan.pdf,638c5913534b58d66baa4df2bee976557499a4a885a14e4bd61dbeaf41603f31,231462,application/pdf,200,FMCS
USGOV-6E8693A9923B99D3,Updated Reentry Plan as of Oct 17 2022 Final,https://www.fmcs.gov/wp-content/uploads/2022/12/Updated-Reentry-Plan-as-of-Oct-17-2022-Final.pdf,2026-09-21,ACQUIRED,https://www.fmcs.gov/updated-reentry-plan-as-of-oct-17-2022-final/,GOVERNMENT_BULK/FMCS/1c145048d205__Updated-Reentry-Plan-as-of-Oct-17-2022-Final.pdf,1c145048d20535406d57f2b803941833796c1eb5ccd32c267ceab726c89dd7d1,669998,application/pdf,200,FMCS
USGOV-BDE8BC23C634F1A0,FMCS Mediator Minimum Qualification Requirements_0123,https://www.fmcs.gov/wp-content/uploads/2023/01/FMCS-Mediator-Minimum-Qualification-Requirements_0123.pdf,2026-09-21,ACQUIRED,https://www.fmcs.gov/careers/fmcs-mediator-minimum-qualification-requirements_0123/,GOVERNMENT_BULK/FMCS/768e1044cc6e__FMCS-Mediator-Minimum-Qualification-Requirements_0123.pdf,768e1044cc6e9550294f0028c58d085dbbc1b473bc712b840bbadac1f5077cd1,228818,application/pdf,200,FMCS
USGOV-2DA850423BF0A06C,FY20 FMCS Audit Report,https://www.fmcs.gov/wp-content/uploads/2023/01/FY20-FMCS-Audit-Report.pdf,2026-09-21,ACQUIRED,https://www.fmcs.gov/resources/documents-and-data/fy20-fmcs-audit-report/,GOVERNMENT_BULK/FMCS/7182f25ba54c__FY20-FMCS-Audit-Report.pdf,7182f25ba54caafc602041f7994e56ecdf545df78196a5f321a6227220f2de6b,446759,application/pdf,200,FMCS
USGOV-B0A57817E48FEB27,FY21 FMCS Audit Report,https://www.fmcs.gov/wp-content/uploads/2023/01/FY21-FMCS-Audit-Report.pdf,2026-09-21,ACQUIRED,https://www.fmcs.gov/resources/documents-and-data/fy21-fmcs-audit-report/,GOVERNMENT_BULK/FMCS/b006da20479a__FY21-FMCS-Audit-Report.pdf,b006da20479ab81a6b4b9c14f9ee800be7e34b5eb77817e4a2d944f6beaecfcb,1165496,application/pdf,200,FMCS
USGOV-0076480A22B16C65,FY22 FMCS Audit Report,https://www.fmcs.gov/wp-content/uploads/2023/01/FY22-FMCS-Audit-Report.pdf,2026-09-21,ACQUIRED,https://www.fmcs.gov/resources/documents-and-data/fy22-fmcs-audit-report/,GOVERNMENT_BULK/FMCS/cc1b0271aa64__FY22-FMCS-Audit-Report.pdf,cc1b0271aa647d746813ed3550a7fbe7bef31f5bb8f7b8233699fdefcae52aa8,229663,application/pdf,200,FMCS
USGOV-87E0DF253EEBA446,FMCS 2023 EEO Policy Statement,https://www.fmcs.gov/wp-content/uploads/2023/02/FMCS-2023-EEO-Policy-Statement.pdf,2026-09-21,ACQUIRED,https://www.fmcs.gov/eeo-nofear/fmcs-2023-eeo-policy-statement/,GOVERNMENT_BULK/FMCS/57189a38c602__FMCS-2023-EEO-Policy-Statement.pdf,57189a38c60211c2664966267f8587330f22ca0c5ec3884de89e27d9cace6e20,221163,application/pdf,200,FMCS
USGOV-28B79D73477D264D,FMCS FY22 FOIA Annual Report Final,https://www.fmcs.gov/wp-content/uploads/2023/02/FMCS-FY22-FOIA-Annual-Report-Final.pdf,2026-09-21,ACQUIRED,https://www.fmcs.gov/resources/documents-and-data/fmcs-fy22-foia-annual-report-final-2/,GOVERNMENT_BULK/FMCS/70dca94087f1__FMCS-FY22-FOIA-Annual-Report-Final.pdf,70dca94087f1aa584dcac082e2d7cae8f20e92e35d4e3c9fec248939793551b2,329831,application/pdf,200,FMCS
USGOV-9DBFFC5DFB83100E,FMCS Fast Facts FY22 (update Jan 2023),https://www.fmcs.gov/wp-content/uploads/2023/02/FMCS-Fast-Facts-FY22-update-Jan-2023.pdf,2026-09-21,ACQUIRED,https://www.fmcs.gov/resources/documents-and-data/fmcs-fast-facts-fy22-update-jan-2023/,GOVERNMENT_BULK/FMCS/e434414dfb6e__FMCS-Fast-Facts-FY22-update-Jan-2023.pdf,e434414dfb6e4c726edaac4bcc2d4a3630e218a32c1daaa20645e3e8bcf7f085,1148376,application/pdf,200,FMCS
USGOV-106064D46E855F2B,FMCS Role and Function FY22 (update Jan 2023),https://www.fmcs.gov/wp-content/uploads/2023/02/FMCS-Role-and-Function-FY22-update-Jan-2023.pdf,2026-09-21,ACQUIRED,https://www.fmcs.gov/resources/documents-and-data/fmcs-role-and-function-fy22-update-jan-2023/,GOVERNMENT_BULK/FMCS/7b46b721728b__FMCS-Role-and-Function-FY22-update-Jan-2023.pdf,7b46b721728bf8521bd7bf318077e23b6e56a71e1628092d1d95a15072c9413c,2760913,application/pdf,200,FMCS
USGOV-F908166F6AC319B9,2024 Congressional Budget,https://www.fmcs.gov/wp-content/uploads/2023/03/2024-Congressional-Budget.pdf,2026-09-21,ACQUIRED,https://www.fmcs.gov/resources/documents-and-data/2024-congressional-budget/,GOVERNMENT_BULK/FMCS/2a5615ded769__2024-Congressional-Budget.pdf,2a5615ded769fa00b6afe649329ac89f86d439429b98508f8e9e234492132824,918567,application/pdf,200,FMCS
USGOV-494DA257ABF49A2A,2025-17-Ralphs-Vons-Albertsons-UFCW,https://www.fmcs.gov/wp-content/uploads/2023/03/2025-17-Ralphs-Vons-Albertsons-UFCW.pdf,2026-09-21,ACQUIRED,https://www.fmcs.gov/2025-17-ralphs-vons-albertsons-ufcw/,GOVERNMENT_BULK/FMCS/f5e17712028b__2025-17-Ralphs-Vons-Albertsons-UFCW.pdf,f5e17712028ba0857c7c0d4ecafb3d7a54944c303d8eb8eb2ea17f94bd9c667c,389320,application/pdf,200,FMCS
USGOV-8F62B3BA101830BD,ADR-Services-Brochure-2021,https://www.fmcs.gov/wp-content/uploads/2023/03/ADR-Services-Brochure-2021.pdf,2026-09-21,ACQUIRED,https://www.fmcs.gov/adr-services-brochure-2021-2/,GOVERNMENT_BULK/FMCS/5b2cc932a580__ADR-Services-Brochure-2021.pdf,5b2cc932a58055e518109fb8f1d5ff5272efff0e6efb49c6e4e14f77bdf16e55,368956,application/pdf,200,FMCS
USGOV-C97989553202C2A9,ADR-Training-Brochure-2021,https://www.fmcs.gov/wp-content/uploads/2023/03/ADR-Training-Brochure-2021-1.pdf,2026-09-21,ACQUIRED,https://www.fmcs.gov/adr-training-brochure-2021-2/,GOVERNMENT_BULK/FMCS/65973e2edeb0__ADR-Training-Brochure-2021-1.pdf,65973e2edeb09c62072ac038fddb89ac47cdce43c1a797933f2a4f98714b7d14,183063,application/pdf,200,FMCS
USGOV-FE917F9DC8A5F0BD,ADR-Training-Brochure-2021,https://www.fmcs.gov/wp-content/uploads/2023/03/ADR-Training-Brochure-2021.pdf,2026-09-21,DUPLICATE,https://www.fmcs.gov/resources/documents-and-data/adr-training-brochure-2021/,GOVERNMENT_BULK/FMCS/65973e2edeb0__ADR-Training-Brochure-2021.pdf,65973e2edeb09c62072ac038fddb89ac47cdce43c1a797933f2a4f98714b7d14,183063,application/pdf,200,FMCS
USGOV-72D247DB16E849FC,Affinity-Economic-Bargaining-v5_2023,https://www.fmcs.gov/wp-content/uploads/2023/03/Affinity-Economic-Bargaining-v5_2023.pdf,2026-09-21,ACQUIRED,https://www.fmcs.gov/affinity-economic-bargaining-v5_2023/,GOVERNMENT_BULK/FMCS/5b0d273a0cce__Affinity-Economic-Bargaining-v5_2023.pdf,5b0d273a0cce8af3a64289b2e247d9661e85630d42153c92691209b9073e514b,440873,application/pdf,200,FMCS
USGOV-B9D8E70D6B393D0A,Collective-Bargaining-Mediation_2022,https://www.fmcs.gov/wp-content/uploads/2023/03/Collective-Bargaining-Mediation_2022.pdf,2026-09-21,ACQUIRED,https://www.fmcs.gov/collective-bargaining-mediation_2022/,GOVERNMENT_BULK/FMCS/36795b229051__Collective-Bargaining-Mediation_2022.pdf,36795b229051e08a10bc6dd2c22c700ba5626767015ece85a93bf82ec735065c,454983,application/pdf,200,FMCS
USGOV-C39EC6D3EC56FCF3,Collective-Bargaining-Skills-for-Teams_2022,https://www.fmcs.gov/wp-content/uploads/2023/03/Collective-Bargaining-Skills-for-Teams_2022.pdf,2026-09-21,ACQUIRED,https://www.fmcs.gov/collective-bargaining-skills-for-teams_2022/,GOVERNMENT_BULK/FMCS/f6d7dec8989f__Collective-Bargaining-Skills-for-Teams_2022.pdf,f6d7dec8989fc3627611a7dfadf13babb335298bcbb88819805f2b11b4fb1d5d,610160,application/pdf,200,FMCS
USGOV-3132D93FB1D5DA63,FY2021 No Fear Annual Report,https://www.fmcs.gov/wp-content/uploads/2023/03/FY2021-No-Fear-Annual-Report-with-data.pdf,2026-09-21,ACQUIRED,https://www.fmcs.gov/eeo-nofear/fy2021-no-fear-annual-report-with-data/,GOVERNMENT_BULK/FMCS/8745555cf321__FY2021-No-Fear-Annual-Report-with-data.pdf,8745555cf321e917362dc3821812801343354d631d0883c848896dde9483be3a,915524,application/pdf,200,FMCS
USGOV-4D52AE3E39A12711,FY22 No Fear Annual Report,https://www.fmcs.gov/wp-content/uploads/2023/03/FY2022-Annual-No-Fear-Report.pdf,2026-09-21,ACQUIRED,https://www.fmcs.gov/eeo-nofear/fy2022-annual-no-fear-report/,GOVERNMENT_BULK/FMCS/4800ca940085__FY2022-Annual-No-Fear-Report.pdf,4800ca940085daa40f426c0dddce54103991d3f9eca78e2d228d8c024776d091,959687,application/pdf,200,FMCS
USGOV-3F9DE58B3DD084B0,"FY22 Affirmative Action Plan for the Recruitment, Hiring, Advancement, and Retention of Persons with Disabilities",https://www.fmcs.gov/wp-content/uploads/2023/03/FY22-Affirmative-Action-Plan-for-the-Recruitment-Hiring-Advancement-and-Retention-of-Persons-with-Disabilities.pdf,2026-09-21,ACQUIRED,https://www.fmcs.gov/eeo-nofear/fy22-affirmative-action-plan-for-the-recruitment-hiring-advancement-and-retention-of-persons-with-disabilities/,GOVERNMENT_BULK/FMCS/25b1f35c49de__FY22-Affirmative-Action-Plan-for-the-Recruitment-Hiring-Advancement-and-Retention-of-Persons-with-Disabilities.pdf,25b1f35c49de712f0d44bcccb5415b8b1501de8f5d05797ab0c5f544049ac33b,45760,application/pdf,200,FMCS
USGOV-A8ECAEB82C38E8A3,FY23 (Q1) No Fear Act Data Report corrected,https://www.fmcs.gov/wp-content/uploads/2023/03/FY23-Q1-No-Fear-Act-Data-Report-corrected.pdf,2026-09-21,ACQUIRED,https://www.fmcs.gov/eeo-nofear/fy23-q1-no-fear-act-data-report-corrected/,GOVERNMENT_BULK/FMCS/dd94858acb20__FY23-Q1-No-Fear-Act-Data-Report-corrected.pdf,dd94858acb208e2afd8a80461ff78a4753600441a9ef1e971cd449fcccff75eb,310636,application/pdf,200,FMCS
USGOV-8A4016022907C8B3,FY2023 (Q1) No Fear Act Data Report,https://www.fmcs.gov/wp-content/uploads/2023/03/FY23-Q1-No-Fear-Act-Data-Report.pdf,2026-09-21,ACQUIRED,https://www.fmcs.gov/eeo-nofear/fy23-q1-no-fear-act-data-report/,GOVERNMENT_BULK/FMCS/a1ea5d6fc3c9__FY23-Q1-No-Fear-Act-Data-Report.pdf,a1ea5d6fc3c9de1c5f001aa24aa79c8841090df709503a7944a59bb728b87630,310356,application/pdf,200,FMCS
USGOV-2FA31963BED444C1,FY23 (Q2) No Fear Act Data Report,https://www.fmcs.gov/wp-content/uploads/2023/03/FY23-Q2-No-Fear-Act-Data-Report.pdf,2026-09-21,ACQUIRED,https://www.fmcs.gov/eeo-nofear/fy23-q2-no-fear-act-data-report/,GOVERNMENT_BULK/FMCS/4d03be9e9d07__FY23-Q2-No-Fear-Act-Data-Report.pdf,4d03be9e9d0712d686c4e86667ac3716e78fd7f5739570f9660d2f8076fb2554,324858,application/pdf,200,FMCS
USGOV-F493A5D60E21B6BD,Grievance-Mediation,https://www.fmcs.gov/wp-content/uploads/2023/03/Grievance-Mediation.pdf,2026-09-21,ACQUIRED,https://www.fmcs.gov/grievance-mediation-2/,GOVERNMENT_BULK/FMCS/fe85ed07728d__Grievance-Mediation.pdf,fe85ed07728de335abd8e8fb80bb299d02e68c5a28d5b2937ab55a3a6c933bb4,509559,application/pdf,200,FMCS
USGOV-B8CA40258464DB3C,Relationships-By-Objectives-2024,https://www.fmcs.gov/wp-content/uploads/2023/03/Relationships-By-Objectives-2024.pdf,2026-09-21,ACQUIRED,https://www.fmcs.gov/relationships-by-objectives-2024/,GOVERNMENT_BULK/FMCS/b7ab10eb5af4__Relationships-By-Objectives-2024.pdf,b7ab10eb5af432f408939420e5f8c12841248ccced93c89014819f27d106f0d2,664939,application/pdf,200,FMCS
USGOV-851339B4DDBE1211,FMCS Case Records SORN 2023,https://www.fmcs.gov/wp-content/uploads/2023/05/FMCS-Case-Records-SORN-2023.pdf,2026-09-21,ACQUIRED,https://www.fmcs.gov/sorns/fmcs-case-records-sorn-2023/,GOVERNMENT_BULK/FMCS/54f4eb47ca64__FMCS-Case-Records-SORN-2023.pdf,54f4eb47ca643a0653bd801128d8c5ebe86440f06a47b86c356b98b66c3dbcaf,190071,application/pdf,200,FMCS
USGOV-7E36B20646761408,FY23 (Q3) No Fear Act Data Report,https://www.fmcs.gov/wp-content/uploads/2023/07/FY23-Q3-No-Fear-Act-Data-Report.pdf,2026-09-21,ACQUIRED,https://www.fmcs.gov/eeo-nofear/fy23-q3-no-fear-act-data-report/,GOVERNMENT_BULK/FMCS/1394417e7f48__FY23-Q3-No-Fear-Act-Data-Report.pdf,1394417e7f486cde38b40396bdb57b666712983e51cad5907a5e309ea254882a,341907,application/pdf,200,FMCS
USGOV-C901D2E912CE599F,FMCS 2023-2028 Language Access Plan,https://www.fmcs.gov/wp-content/uploads/2023/08/FINAL-FMCS_Language_Access_Plan-2023_2028-approved-signed-08082023.pdf,2026-09-21,ACQUIRED,https://www.fmcs.gov/eeo-nofear/final-fmcs_language_access_plan-2023_2028-approved-signed-08082023/,GOVERNMENT_BULK/FMCS/3beeb95bada3__FINAL-FMCS_Language_Access_Plan-2023_2028-approved-signed-08082023.pdf,3beeb95bada3baedafa706265f181ba460bc4e899763e08c091cfcfa4e6a10dc,849472,application/pdf,200,FMCS
USGOV-4337BE7FFBCA30AF,2023- Agenda as of Sep 26 20231,https://www.fmcs.gov/wp-content/uploads/2023/09/2023-Agenda-as-of-Sep-26-20231.pdf,2026-09-21,ACQUIRED,https://www.fmcs.gov/42nd-arbitration-symposium/2023-agenda-as-of-sep-26-20231/,GOVERNMENT_BULK/FMCS/7cb071445135__2023-Agenda-as-of-Sep-26-20231.pdf,7cb071445135b06b2402ad0739d1f9f6ad3e163cf136c6302a0540c75edcb306,126812,application/pdf,200,FMCS
USGOV-153944B2E5FF4AF9,42nd Arbitration Symposium Brochure,https://www.fmcs.gov/wp-content/uploads/2023/09/42nd-Arbitration-Symposium-Brochure.pdf,2026-09-21,ACQUIRED,https://www.fmcs.gov/42nd-arbitration-symposium/42nd-arbitration-symposium-brochure/,GOVERNMENT_BULK/FMCS/a5ecaa7f3523__42nd-Arbitration-Symposium-Brochure.pdf,a5ecaa7f35235ba4526212adc976c2b27f3dff737643aaa23356f46876ac8773,272269,application/pdf,200,FMCS
USGOV-84ADFF91C75869A4,AllBiosWordArb2023 26Sep23,https://www.fmcs.gov/wp-content/uploads/2023/09/AllBiosWordArb2023-26Sep23.pdf,2026-09-21,ACQUIRED,https://www.fmcs.gov/allbioswordarb2023-26sep23/,GOVERNMENT_BULK/FMCS/214b35ed0e32__AllBiosWordArb2023-26Sep23.pdf,214b35ed0e32f76fd3c780a0ee5ba883138a927ae575082fafeb68f15ca56653,488986,application/pdf,200,FMCS
USGOV-EEDF1E6787BD194E,CPRG-Opinion-Summaries-4.13.2020,https://www.fmcs.gov/wp-content/uploads/2023/09/CPRG-Opinion-Summaries-4.13.2020.pdf,2026-09-21,ACQUIRED,https://www.fmcs.gov/42nd-arbitration-symposium/cprg-opinion-summaries-4-13-2020/,GOVERNMENT_BULK/FMCS/1ff3df0aabc8__CPRG-Opinion-Summaries-4.13.2020.pdf,1ff3df0aabc8cb860388640a9b9b857b271dfe34ff374d55ace35a1cedccdc30,465274,application/pdf,200,FMCS
USGOV-0E01ADB657ED3F18,FMCS Arbitration Request Fees Increasing October 1,https://www.fmcs.gov/wp-content/uploads/2023/09/FMCS-Arbitration-Request-Fees-Increasing-October-1.pdf,2026-09-21,ACQUIRED,https://www.fmcs.gov/resources/documents-and-data/fmcs-arbitration-request-fees-increasing-october-1/,GOVERNMENT_BULK/FMCS/cc9a8425e1f1__FMCS-Arbitration-Request-Fees-Increasing-October-1.pdf,cc9a8425e1f10d64a956955f9f30b0bc863a53f11da36b26a196101fc5d95a1f,254212,application/pdf,200,FMCS
USGOV-C4B0CCFE2820BB5C,Code of Professional Responsibility (March 2020) (5) (1),https://www.fmcs.gov/wp-content/uploads/2023/10/Code-of-Professional-Responsibility-March-2020-5-1.pdf,2026-09-21,ACQUIRED,https://www.fmcs.gov/ethics-in-arbitration-materials/code-of-professional-responsibility-march-2020-5-1/,GOVERNMENT_BULK/FMCS/e02b343eab87__Code-of-Professional-Responsibility-March-2020-5-1.pdf,e02b343eab87bb46c56f8dc22a61a554a299f34dbe1919c3fab2f363c20cc00f,9413780,application/pdf,200,FMCS
USGOV-E715F58BF9A68069,FMCS Launches Its First-Ever Podcast on Conflict Resolution,https://www.fmcs.gov/wp-content/uploads/2023/11/FMCS-Launches-Its-First-Ever-Podcast-on-Conflict-Resolution.pdf,2026-09-21,ACQUIRED,https://www.fmcs.gov/resources/documents-and-data/fmcs-launches-its-first-ever-podcast-on-conflict-resolution-2/,GOVERNMENT_BULK/FMCS/b692a7aa976f__FMCS-Launches-Its-First-Ever-Podcast-on-Conflict-Resolution.pdf,b692a7aa976fb0d15e0deab7a062db42d2cf128cd7728f5ece86d5541674ba12,245017,application/pdf,200,FMCS
USGOV-73D969F015EFC460,FMCS PAR FY2023,https://www.fmcs.gov/wp-content/uploads/2023/11/FMCS-PAR-FY2023.pdf,2026-09-21,ACQUIRED,https://www.fmcs.gov/fmcs-par-fy2023/,GOVERNMENT_BULK/FMCS/ddeb7838555f__FMCS-PAR-FY2023.pdf,ddeb7838555fdad2794e9865df21950a44d65ea489c4675f12087b48e2ce93bf,994295,application/pdf,200,FMCS
USGOV-D61BFFDED74586F6,FY23 (Q3) No Fear Act Data Report Corrected,https://www.fmcs.gov/wp-content/uploads/2023/11/FY23-Q3-No-Fear-Act-Data-Report-Corrected.pdf,2026-09-21,ACQUIRED,https://www.fmcs.gov/eeo-nofear/fy23-q3-no-fear-act-data-report-corrected/,GOVERNMENT_BULK/FMCS/aab961e7bc3d__FY23-Q3-No-Fear-Act-Data-Report-Corrected.pdf,aab961e7bc3dde64f3f4c955167431e32d1fd71256272b696e05a01db610f278,341631,application/pdf,200,FMCS
USGOV-B54DEDAD7E2FF211,FY23 (Q4) No Fear Act Data Report,https://www.fmcs.gov/wp-content/uploads/2023/11/FY23-Q4-No-Fear-Act-Data-Report.pdf,2026-09-21,ACQUIRED,https://www.fmcs.gov/eeo-nofear/fy23-q4-no-fear-act-data-report/,GOVERNMENT_BULK/FMCS/27a02203c124__FY23-Q4-No-Fear-Act-Data-Report.pdf,27a02203c124efbf6af93ac69da5f58fc33919689fec13110bf56f99c0f84c87,353785,application/pdf,200,FMCS
USGOV-E13360F76FDD790D,FAIR ACT Description 12192023,https://www.fmcs.gov/wp-content/uploads/2023/12/FAIR-ACT-Description-12192023.pdf,2026-09-21,ACQUIRED,https://www.fmcs.gov/resources/documents-and-data/fair-act-description-12192023-2/,GOVERNMENT_BULK/FMCS/104a5a43b451__FAIR-ACT-Description-12192023.pdf,104a5a43b451bfb3c77bcc16948bfca1bca8100eb22d9786944169badff434d5,54591,application/pdf,200,FMCS
USGOV-AB495C47F8CF2116,FMCS Statement on Latest Columbia River Basin Agreement,https://www.fmcs.gov/wp-content/uploads/2023/12/FMCS-Statement-on-Latest-Columbia-River-Basin-Agreement.pdf,2026-09-21,ACQUIRED,https://www.fmcs.gov/resources/documents-and-data/fmcs-statement-on-latest-columbia-river-basin-agreement-2/,GOVERNMENT_BULK/FMCS/bbb38834b96f__FMCS-Statement-on-Latest-Columbia-River-Basin-Agreement.pdf,bbb38834b96fb8851a3cb8867ae3e0cd762a0fdec42f268925105af5148f5713,225158,application/pdf,200,FMCS
USGOV-9612E0A91B58112D,2023 FOIA Annual Report,https://www.fmcs.gov/wp-content/uploads/2024/01/2023-FOIA-Annual-Report.pdf,2026-09-21,ACQUIRED,https://www.fmcs.gov/resources/documents-and-data/2023-foia-annual-report-2/,GOVERNMENT_BULK/FMCS/ec5e02b55214__2023-FOIA-Annual-Report.pdf,ec5e02b55214217c9b6e61038c8cacc6f5d9c1d2f5ec32b47443a45a4493eab1,330308,application/pdf,200,FMCS
USGOV-5C7EB663794DCDE7,FMCS – 2021 – Q1 – Quarterly FOIA Report,https://www.fmcs.gov/wp-content/uploads/2024/01/FMCS-2021-Q1-Quarterly-FOIA-Report.pdf,2026-09-21,ACQUIRED,https://www.fmcs.gov/resources/documents-and-data/fmcs-2021-q1-quarterly-foia-report/,GOVERNMENT_BULK/FMCS/2f313a330891__FMCS-2021-Q1-Quarterly-FOIA-Report.pdf,2f313a330891f940273b2371ed595a355b69bce06a12e7d1af04c455961112c7,87122,application/pdf,200,FMCS
USGOV-A6B9B69A1DFBABD4,FMCS – 2021 – Q2 – Quarterly FOIA Report,https://www.fmcs.gov/wp-content/uploads/2024/01/FMCS-2021-Q2-Quarterly-FOIA-Report.pdf,2026-09-21,ACQUIRED,https://www.fmcs.gov/resources/documents-and-data/fmcs-2021-q2-quarterly-foia-report/,GOVERNMENT_BULK/FMCS/7a32f0c0f0c5__FMCS-2021-Q2-Quarterly-FOIA-Report.pdf,7a32f0c0f0c53034ea0b90e1e674904e5d38243972bdacb4217d1e0873120030,87448,application/pdf,200,FMCS
USGOV-579D22F573717C7E,FMCS – 2021 – Q3 – Quarterly FOIA Report,https://www.fmcs.gov/wp-content/uploads/2024/01/FMCS-2021-Q3-Quarterly-FOIA-Report.pdf,2026-09-21,ACQUIRED,https://www.fmcs.gov/resources/documents-and-data/fmcs-2021-q3-quarterly-foia-report/,GOVERNMENT_BULK/FMCS/a5a660d67d69__FMCS-2021-Q3-Quarterly-FOIA-Report.pdf,a5a660d67d69d4af7b1fe43b045037e037e86fcd7478d51b753411c34727300e,87993,application/pdf,200,FMCS
USGOV-4689174E65CB9E78,FMCS – 2021 – Q4 – Quarterly FOIA Report,https://www.fmcs.gov/wp-content/uploads/2024/01/FMCS-2021-Q4-Quarterly-FOIA-Report.pdf,2026-09-21,ACQUIRED,https://www.fmcs.gov/resources/documents-and-data/fmcs-2021-q4-quarterly-foia-report/,GOVERNMENT_BULK/FMCS/73759207d530__FMCS-2021-Q4-Quarterly-FOIA-Report.pdf,73759207d53073aedf04efb9897c5ff10b3d7d07acc7bbc6ce74401e4bf99a72,87489,application/pdf,200,FMCS
USGOV-7143C304FDF4446A,FMCS – 2022 – Q1 – Quarterly FOIA Report,https://www.fmcs.gov/wp-content/uploads/2024/01/FMCS-2022-Q1-Quarterly-FOIA-Report.pdf,2026-09-21,ACQUIRED,https://www.fmcs.gov/resources/documents-and-data/fmcs-2022-q1-quarterly-foia-report/,GOVERNMENT_BULK/FMCS/4d5b19d7641b__FMCS-2022-Q1-Quarterly-FOIA-Report.pdf,4d5b19d7641bf331a165bedb3b1b9286472add8ea54edd2ec51f3685bd974a9b,87138,application/pdf,200,FMCS
USGOV-60E9542FE8D56BB5,FMCS – 2022 – Q2 – Quarterly FOIA Report,https://www.fmcs.gov/wp-content/uploads/2024/01/FMCS-2022-Q2-Quarterly-FOIA-Report.pdf,2026-09-21,ACQUIRED,https://www.fmcs.gov/resources/documents-and-data/fmcs-2022-q2-quarterly-foia-report/,GOVERNMENT_BULK/FMCS/3041432090f4__FMCS-2022-Q2-Quarterly-FOIA-Report.pdf,3041432090f48e468f93f2003fdd8c2913c3fb3bd0dbdaff5ddeb12f8337d28b,87465,application/pdf,200,FMCS
USGOV-7DE6CA50008726BE,FMCS – 2022 – Q3 – Quarterly FOIA Report,https://www.fmcs.gov/wp-content/uploads/2024/01/FMCS-2022-Q3-Quarterly-FOIA-Report.pdf,2026-09-21,ACQUIRED,https://www.fmcs.gov/resources/documents-and-data/fmcs-2022-q3-quarterly-foia-report/,GOVERNMENT_BULK/FMCS/c7f688e1b286__FMCS-2022-Q3-Quarterly-FOIA-Report.pdf,c7f688e1b2865b199b02c7442a1b886f7272cfc7f79bde4db3d065f169283216,88485,application/pdf,200,FMCS
USGOV-312E91FDA9F6FB9A,FMCS – 2022 – Q4 – Quarterly FOIA Report,https://www.fmcs.gov/wp-content/uploads/2024/01/FMCS-2022-Q4-Quarterly-FOIA-Report.pdf,2026-09-21,ACQUIRED,https://www.fmcs.gov/resources/documents-and-data/fmcs-2022-q4-quarterly-foia-report/,GOVERNMENT_BULK/FMCS/165984e5210b__FMCS-2022-Q4-Quarterly-FOIA-Report.pdf,165984e5210b29b95fafa76202d36c71712d9af64f0066cb72c82c113503bd94,87184,application/pdf,200,FMCS
USGOV-DA0E0EC3BB0D6B22,FMCS – 2023 – Q1 – Quarterly FOIA Report,https://www.fmcs.gov/wp-content/uploads/2024/01/FMCS-2023-Q1-Quarterly-FOIA-Report.pdf,2026-09-21,ACQUIRED,https://www.fmcs.gov/resources/documents-and-data/fmcs-2023-q1-quarterly-foia-report/,GOVERNMENT_BULK/FMCS/6c8a3340a18a__FMCS-2023-Q1-Quarterly-FOIA-Report.pdf,6c8a3340a18ab834e58ba89518a5f2abad49f923158df246d8f2a207299daa3b,88016,application/pdf,200,FMCS
USGOV-60762A851B89F312,FMCS – 2023 – Q2 – Quarterly FOIA Report,https://www.fmcs.gov/wp-content/uploads/2024/01/FMCS-2023-Q2-Quarterly-FOIA-Report.pdf,2026-09-21,ACQUIRED,https://www.fmcs.gov/resources/documents-and-data/fmcs-2023-q2-quarterly-foia-report/,GOVERNMENT_BULK/FMCS/10380adb4fbd__FMCS-2023-Q2-Quarterly-FOIA-Report.pdf,10380adb4fbdfd2acb6f220bf1ceb046cdb02b173d01c258db67ce92e76b77f1,87408,application/pdf,200,FMCS
USGOV-0229C6CEDFD9921A,FMCS – 2023 – Q3 – Quarterly FOIA Report,https://www.fmcs.gov/wp-content/uploads/2024/01/FMCS-2023-Q3-Quarterly-FOIA-Report.pdf,2026-09-21,ACQUIRED,https://www.fmcs.gov/resources/documents-and-data/fmcs-2023-q3-quarterly-foia-report/,GOVERNMENT_BULK/FMCS/e62a1dc996ce__FMCS-2023-Q3-Quarterly-FOIA-Report.pdf,e62a1dc996ce81b44b93bdea24faaad14ac4b9a5c90080d5b6bd94e45e1b3ddd,87248,application/pdf,200,FMCS
USGOV-F2D295DE7DF64674,FMCS – 2023 – Q4 – Quarterly FOIA Report,https://www.fmcs.gov/wp-content/uploads/2024/01/FMCS-2023-Q4-Quarterly-FOIA-Report.pdf,2026-09-21,ACQUIRED,https://www.fmcs.gov/resources/documents-and-data/fmcs-2023-q4-quarterly-foia-report/,GOVERNMENT_BULK/FMCS/7c46108266ba__FMCS-2023-Q4-Quarterly-FOIA-Report.pdf,7c46108266ba66fef5e256117d550f3307fc2dfdca30d70dbb076429c7bfd784,87967,application/pdf,200,FMCS
USGOV-4DD5536397769E46,Mediation Agreement Shared Neutrals 2024,https://www.fmcs.gov/wp-content/uploads/2024/01/Mediation-Agreement-Shared-Neutrals-2024.pdf,2026-09-21,ACQUIRED,https://www.fmcs.gov/mediation-agreement-shared-neutrals-2024/,GOVERNMENT_BULK/FMCS/ea7c815d179e__Mediation-Agreement-Shared-Neutrals-2024.pdf,ea7c815d179e58f61d5b51b300ff787807950f9621a217fcee5f4dbb344c5e16,88194,application/pdf,200,FMCS
USGOV-177CDCCE1C22A8F0,Privacy Impact Assessment- Updated Case Records SORN,https://www.fmcs.gov/wp-content/uploads/2024/01/Privacy-Impact-Assessment-Updated-Case-Records-SORN-1.pdf,2026-09-21,ACQUIRED,https://www.fmcs.gov/privacy-policy/privacy-impact-assessment-updated-case-records-sorn-2/,GOVERNMENT_BULK/FMCS/33d2d7ad0801__Privacy-Impact-Assessment-Updated-Case-Records-SORN-1.pdf,33d2d7ad0801fa637d934caf324c751c097e5cd3d248070e2f2051f0b7a91898,277020,application/pdf,200,FMCS
USGOV-645E7815E0EFE801,Privacy Impact Assessment- Updated Case Records SORN,https://www.fmcs.gov/wp-content/uploads/2024/01/Privacy-Impact-Assessment-Updated-Case-Records-SORN.pdf,2026-09-21,DUPLICATE,https://www.fmcs.gov/sorns/privacy-impact-assessment-updated-case-records-sorn/,GOVERNMENT_BULK/FMCS/33d2d7ad0801__Privacy-Impact-Assessment-Updated-Case-Records-SORN.pdf,33d2d7ad0801fa637d934caf324c751c097e5cd3d248070e2f2051f0b7a91898,277020,application/pdf,200,FMCS
USGOV-41C6C1133F77E79F,Supervisory Acknowledgement and Approval Form for training and committment to the program 12.12.23,https://www.fmcs.gov/wp-content/uploads/2024/01/Supervisory-Acknowledgement-and-Approval-Form-for-training-and-committment-to-the-program-12.12.23.pdf,2026-09-21,ACQUIRED,https://www.fmcs.gov/supervisory-acknowledgement-and-approval-form-for-training-and-committment-to-the-program-12-12-23/,GOVERNMENT_BULK/FMCS/a3fbaa95891b__Supervisory-Acknowledgement-and-Approval-Form-for-training-and-committment-to-the-program-12.12.23.pdf,a3fbaa95891b284f9eba581b6f819acb9384aee4e3785cc361a8f42ade2415b7,104727,application/pdf,200,FMCS
USGOV-6BF3D8573A45A2E8,2023 Audit Report,https://www.fmcs.gov/wp-content/uploads/2024/02/2023-FMCS-FMFIA-Report-final-12222023.pdf,2026-09-21,ACQUIRED,https://www.fmcs.gov/resources/documents-and-data/2023-fmcs-fmfia-report-final-12222023/,GOVERNMENT_BULK/FMCS/8cba6cf72f9d__2023-FMCS-FMFIA-Report-final-12222023.pdf,8cba6cf72f9d01c958df6abae30bb36b37c4bb95b9788214e443ade7a46c3ab7,433400,application/pdf,200,FMCS
USGOV-8D9AFCABB12EFF7D,2024 Chief FOIA Officer Report,https://www.fmcs.gov/wp-content/uploads/2024/02/2024-Chief-FOIA-Officer-Report.pdf,2026-09-21,ACQUIRED,https://www.fmcs.gov/resources/documents-and-data/2024-chief-foia-officer-report/,GOVERNMENT_BULK/FMCS/9c4f10e69b05__2024-Chief-FOIA-Officer-Report.pdf,9c4f10e69b05efd79dea7c3cdfc08438ff80d9a6d20974a2de0c5bf413b5b244,301136,application/pdf,200,FMCS
USGOV-DE70EBF0F7F52FF6,FMCS Fast Facts FY23 (update Jan 2024),https://www.fmcs.gov/wp-content/uploads/2024/02/FMCS-Fast-Facts-FY23-update-Jan-2024.pdf,2026-09-21,ACQUIRED,https://www.fmcs.gov/resources/documents-and-data/fmcs-fast-facts-fy23-update-jan-2024/,GOVERNMENT_BULK/FMCS/5c18d5f3f419__FMCS-Fast-Facts-FY23-update-Jan-2024.pdf,5c18d5f3f4197603d04d1dcad30a418ab22810399928240589d37546452984eb,1147857,application/pdf,200,FMCS
USGOV-11EBD29DEB7B7DF0,FMCS Role and Function FY23 (update Jan 2024),https://www.fmcs.gov/wp-content/uploads/2024/02/FMCS-Role-and-Function-FY23-update-Jan-2024.pdf,2026-09-21,ACQUIRED,https://www.fmcs.gov/resources/documents-and-data/fmcs-role-and-function-fy23-update-jan-2024/,GOVERNMENT_BULK/FMCS/e42b2b1e49a6__FMCS-Role-and-Function-FY23-update-Jan-2024.pdf,e42b2b1e49a69fc8ab0c5522786eca454d5ecc01dbcf055a3af4279018e136f2,3059978,application/pdf,200,FMCS
USGOV-393AD2E4B4481056,2025 Congressional Budget,https://www.fmcs.gov/wp-content/uploads/2024/03/2025-Congressional-Budget.pdf,2026-09-21,ACQUIRED,https://www.fmcs.gov/resources/documents-and-data/2025-congressional-budget/,GOVERNMENT_BULK/FMCS/0d7c97e086f4__2025-Congressional-Budget.pdf,0d7c97e086f49b1a4352cdb5638e92ee01bf2b6e98d041eccfb1fac1d56d84a8,758990,application/pdf,200,FMCS
USGOV-D43474B6623DB707,"FLRA/FMCS Public Town Hall – March 27, 2024",https://www.fmcs.gov/wp-content/uploads/2024/03/240312-Press-Release-FMCS-FLRA-Town-Hall-3-27-2024.pdf,2026-09-21,ACQUIRED,https://www.fmcs.gov/resources/documents-and-data/240312-press-release-fmcs-flra-town-hall-3-27-2024/,GOVERNMENT_BULK/FMCS/122c7c5f51c3__240312-Press-Release-FMCS-FLRA-Town-Hall-3-27-2024.pdf,122c7c5f51c32d96c9cb6a2082ce7ebee48eac8ddd34448b8358ad76467f32b5,206998,application/pdf,200,FMCS
USGOV-DECCD6820990BFF0,ADR-Services-Brochure,https://www.fmcs.gov/wp-content/uploads/2024/03/ADR-Services-Brochure-2021.pdf,2026-09-21,DUPLICATE,https://www.fmcs.gov/adr-services-brochure-2021-3/,GOVERNMENT_BULK/FMCS/5b2cc932a580__ADR-Services-Brochure-2021.pdf,5b2cc932a58055e518109fb8f1d5ff5272efff0e6efb49c6e4e14f77bdf16e55,368956,application/pdf,200,FMCS
USGOV-F8A4909B7BA1CDFA,Affirmative Action Plan – 2023,https://www.fmcs.gov/wp-content/uploads/2024/03/Affirmative-Action-Plan-2023.pdf,2026-09-21,ACQUIRED,https://www.fmcs.gov/eeo-nofear/affirmative-action-plan-2023/,GOVERNMENT_BULK/FMCS/18b19221844d__Affirmative-Action-Plan-2023.pdf,18b19221844ddc91406f1f7fa8624014bf75e01536360c724d64f6e19b6f0f1d,70671,application/pdf,200,FMCS
USGOV-B8826E4E9D72A460,FMCS 2024 EEO Policy Statement 02272024,https://www.fmcs.gov/wp-content/uploads/2024/03/FMCS-2024-EEO-Policy-Statement-02272024.pdf,2026-09-21,ACQUIRED,https://www.fmcs.gov/eeo-nofear/fmcs-2024-eeo-policy-statement-02272024/,GOVERNMENT_BULK/FMCS/fbccd64bfbd9__FMCS-2024-EEO-Policy-Statement-02272024.pdf,fbccd64bfbd9074c7704ac1581a3ec483c2568525cb47108d4ab20c041246213,223011,application/pdf,200,FMCS
USGOV-60756D308437400B,FMCS Unveils 12-Part Video Series Showcasing Its Mission and Services in a Brand-New Way,https://www.fmcs.gov/wp-content/uploads/2024/03/FMCS-Unveils-12-Part-Video-Series-Showcasing-Its-Mission-and-Services-in-a-Brand-New-Way.pdf,2026-09-21,ACQUIRED,https://www.fmcs.gov/resources/documents-and-data/fmcs-unveils-12-part-video-series-showcasing-its-mission-and-services-in-a-brand-new-way-2/,GOVERNMENT_BULK/FMCS/2c83342f82d9__FMCS-Unveils-12-Part-Video-Series-Showcasing-Its-Mission-and-Services-in-a-Brand-New-Way.pdf,2c83342f82d933508b549fd5d8657e2edbb043b8fa6ba2b542e90656a71d8d53,253234,application/pdf,200,FMCS
USGOV-48713DAAD82EBE72,No Fear Act Data Q1 FY2024,https://www.fmcs.gov/wp-content/uploads/2024/03/No-Fear-Act-Data-Q1-FY2024.pdf,2026-09-21,ACQUIRED,https://www.fmcs.gov/eeo-nofear/no-fear-act-data-q1-fy2024/,GOVERNMENT_BULK/FMCS/a1c220024b20__No-Fear-Act-Data-Q1-FY2024.pdf,a1c220024b20b30386b3b72ae74cd826b633c28b0abd2264b873bea5060edded,179555,application/pdf,200,FMCS
USGOV-D2F3E41FA8D09EC3,04242024 PIA FMCS Institute System – Updated,https://www.fmcs.gov/wp-content/uploads/2024/04/04242024-PIA-FMCS-Institute-System-Updated.pdf,2026-09-21,ACQUIRED,https://www.fmcs.gov/privacy-policy/04242024-pia-fmcs-institute-system-updated/,GOVERNMENT_BULK/FMCS/6ba312dac741__04242024-PIA-FMCS-Institute-System-Updated.pdf,6ba312dac741c80b7a75f26144635b5360c17ecba9d76236b44cbd92ddf42396,263514,application/pdf,200,FMCS
USGOV-CA31C077786F4CF3,4-24-24 FMCS Privacy Impact Assessment- Conference SORN – Updated,https://www.fmcs.gov/wp-content/uploads/2024/04/4-24-24-FMCS-Privacy-Impact-Assessment-Conference-SORN-Updated.pdf,2026-09-21,ACQUIRED,https://www.fmcs.gov/privacy-policy/4-24-24-fmcs-privacy-impact-assessment-conference-sorn-updated/,GOVERNMENT_BULK/FMCS/52f62778218a__4-24-24-FMCS-Privacy-Impact-Assessment-Conference-SORN-Updated.pdf,52f62778218a7be44b8dbb9575590469107e2ab6e01cb2e019c768ed423cc6da,271065,application/pdf,200,FMCS
USGOV-938CF09310C058DC,4-24-24 Updated Privacy Impact Assessment- Case Records,https://www.fmcs.gov/wp-content/uploads/2024/04/4-24-24-Updated-Privacy-Impact-Assessment-Case-Records.pdf,2026-09-21,ACQUIRED,https://www.fmcs.gov/privacy-policy/4-24-24-updated-privacy-impact-assessment-case-records/,GOVERNMENT_BULK/FMCS/c4c91a6f1c1b__4-24-24-Updated-Privacy-Impact-Assessment-Case-Records.pdf,c4c91a6f1c1bd57be2143c61bb382a8ddc67ecfa925681b42260a0a84e56053a,246951,application/pdf,200,FMCS
USGOV-AC0544CA616236D5,FY2023 No Fear Annual Report,https://www.fmcs.gov/wp-content/uploads/2024/04/FY2023-No-Fear-Annual-Report.pdf,2026-09-21,ACQUIRED,https://www.fmcs.gov/eeo-nofear/fy2023-no-fear-annual-report/,GOVERNMENT_BULK/FMCS/2180db1a94f6__FY2023-No-Fear-Annual-Report.pdf,2180db1a94f6d0c66981dab8db0a0e4649680e1e9da25e7d1bb6228bf05d98a6,1004157,application/pdf,200,FMCS
USGOV-DDE9660E08097A32,Privacy Impact Assessment FMCS Institute System 2022,https://www.fmcs.gov/wp-content/uploads/2024/04/Privacy-Impact-Assessment-FMCS-Institute-System-2022.pdf,2026-09-21,ACQUIRED,https://www.fmcs.gov/privacy-policy/privacy-impact-assessment-fmcs-institute-system-2022/,GOVERNMENT_BULK/FMCS/67a05b59836e__Privacy-Impact-Assessment-FMCS-Institute-System-2022.pdf,67a05b59836e3a12bc1fe5d724a69dec5c99bc4b085a47dbd109fb4d7f4b28b1,241269,application/pdf,200,FMCS
USGOV-F79F87043C46F14C,Privacy Impact Assessment – Arbitration SORN,https://www.fmcs.gov/wp-content/uploads/2024/06/6-6-24-Privacy-Impact-Assessment-Arbitration-SORN.pdf,2026-09-21,ACQUIRED,https://www.fmcs.gov/privacy-policy/6-6-24-privacy-impact-assessment-arbitration-sorn/,GOVERNMENT_BULK/FMCS/58c369b9780f__6-6-24-Privacy-Impact-Assessment-Arbitration-SORN.pdf,58c369b9780fdbee89101cb38e7ed86d1305ad8dc547103052a5a8325b0c197c,240708,application/pdf,200,FMCS
USGOV-EED488E8032689D5,6-6-24 Privacy Impact Assessment- Case Records,https://www.fmcs.gov/wp-content/uploads/2024/06/6-6-24-Privacy-Impact-Assessment-Case-Records.pdf,2026-09-21,ACQUIRED,https://www.fmcs.gov/privacy-policy/6-6-24-privacy-impact-assessment-case-records/,GOVERNMENT_BULK/FMCS/f76abd47b47f__6-6-24-Privacy-Impact-Assessment-Case-Records.pdf,f76abd47b47f4ce629cd13c6ff89fb97c370e03a6638766c08afd77bdb570253,244136,application/pdf,200,FMCS
USGOV-C4AE9B96EF8A74CB,EEO Rights Fact Sheet,https://www.fmcs.gov/wp-content/uploads/2024/06/EEO-Rights-Fact-Sheet.pdf,2026-09-21,ACQUIRED,https://www.fmcs.gov/eeo-nofear/eeo-rights-fact-sheet/,GOVERNMENT_BULK/FMCS/7bc0b61dbf4e__EEO-Rights-Fact-Sheet.pdf,7bc0b61dbf4e511ebd983b3cda08345b4ebdd5fe1eede1283162b82d9269375d,525423,application/pdf,200,FMCS
USGOV-E2D88729A973167D,F-7 Filing Online_2024,https://www.fmcs.gov/wp-content/uploads/2024/06/F-7-Filing-Online_2024.pdf,2026-09-21,ACQUIRED,https://www.fmcs.gov/f-7-filing-online_2024/,GOVERNMENT_BULK/FMCS/da8b9a2cbd97__F-7-Filing-Online_2024.pdf,da8b9a2cbd9721f8dbb00e67e487ddb8f732e53649cfed90f6c05ef13d0337e3,703836,application/pdf,200,FMCS
USGOV-54420BA954201D24,FMCS AAG final,https://www.fmcs.gov/wp-content/uploads/2024/06/FMCS-AAG-final.pdf,2026-09-21,ACQUIRED,https://www.fmcs.gov/fmcs-aag-final/,GOVERNMENT_BULK/FMCS/e6d7d24dbcb3__FMCS-AAG-final.pdf,e6d7d24dbcb3fb1c82244ddd7849899073f9d2b942a798c1286681ac3d6f1d03,389735,application/pdf,200,FMCS
USGOV-D41E21987D7A7BF1,FMCS-Institute_2024,https://www.fmcs.gov/wp-content/uploads/2024/06/FMCS-Institute_2024.pdf,2026-09-21,ACQUIRED,https://www.fmcs.gov/resources/documents-and-data/fmcs-institute_2024/,GOVERNMENT_BULK/FMCS/3f2fac5425ef__FMCS-Institute_2024.pdf,3f2fac5425ef626337a84406136a0ff6c83b4deecd79c905b84bc91aed547579,706626,application/pdf,200,FMCS
USGOV-4DD904FD579EB5A2,FMCS Privacy Impact Assessment – Survey SORN,https://www.fmcs.gov/wp-content/uploads/2024/06/FMCS-Privacy-Impact-Assessment-Survey-SORN.pdf,2026-09-21,ACQUIRED,https://www.fmcs.gov/privacy-policy/fmcs-privacy-impact-assessment-survey-sorn/,GOVERNMENT_BULK/FMCS/89033be9cf48__FMCS-Privacy-Impact-Assessment-Survey-SORN.pdf,89033be9cf48fa658dde64ebbbed92fb2f1f11de90dfdb85ee9c3a745c5f0ac0,242710,application/pdf,200,FMCS
USGOV-D6AA069DBEB62EFB,No Fear Act Data Q2 FY2024,https://www.fmcs.gov/wp-content/uploads/2024/06/No-Fear-Act-Data-Q2-FY2024.pdf,2026-09-21,ACQUIRED,https://www.fmcs.gov/eeo-nofear/no-fear-act-data-q2-fy2024/,GOVERNMENT_BULK/FMCS/829605067c19__No-Fear-Act-Data-Q2-FY2024.pdf,829605067c1970a065cc6c9395cf4c9e2a9ad470927402c5be710b2650ab4ce6,187212,application/pdf,200,FMCS
USGOV-4B362CD63587069D,PIA FMCS Institute System,https://www.fmcs.gov/wp-content/uploads/2024/06/PIA-FMCS-Institute-System.pdf,2026-09-21,ACQUIRED,https://www.fmcs.gov/privacy-policy/pia-fmcs-institute-system/,GOVERNMENT_BULK/FMCS/035a0e0a6893__PIA-FMCS-Institute-System.pdf,035a0e0a68932fd81e35b913bc7d54a1a1f0c82539e679bd3ff4e7713de18cf0,240058,application/pdf,200,FMCS
USGOV-49DE0831A9453715,PIA Reasonable Accommodation SORN,https://www.fmcs.gov/wp-content/uploads/2024/06/PIA-Reasonable-Accommodation-SORN.pdf,2026-09-21,ACQUIRED,https://www.fmcs.gov/privacy-policy/pia-reasonable-accommodation-sorn/,GOVERNMENT_BULK/FMCS/49f85b2d73cd__PIA-Reasonable-Accommodation-SORN.pdf,49f85b2d73cd887048c0824abcb95eea2bf96a71d3a127aa3e61ae2047923643,264283,application/pdf,200,FMCS
USGOV-BA8D54995E6AB0BF,RegNeg_2024,https://www.fmcs.gov/wp-content/uploads/2024/06/RegNeg_2024.pdf,2026-09-21,ACQUIRED,https://www.fmcs.gov/regneg_2024/,GOVERNMENT_BULK/FMCS/e6e7a850773a__RegNeg_2024.pdf,e6e7a850773a366f1e2ae5c61c3ce77d85b4b2c62cf35331d30cfeb2fd7ae23c,710770,application/pdf,200,FMCS
USGOV-4209A383DF4163F0,TAGS_2024,https://www.fmcs.gov/wp-content/uploads/2024/06/TAGS_2024.pdf,2026-09-21,ACQUIRED,https://www.fmcs.gov/tags_2024/,GOVERNMENT_BULK/FMCS/0e88ba4e6b91__TAGS_2024.pdf,0e88ba4e6b91d851f3bbff4b90794b330e10bd2aef6698123b60cdaec431d862,549161,application/pdf,200,FMCS
USGOV-7764C1367131C32B,The Arbitration Program_2024,https://www.fmcs.gov/wp-content/uploads/2024/06/The-Arbitration-Program_2024.pdf,2026-09-21,ACQUIRED,https://www.fmcs.gov/the-arbitration-program_2024/,GOVERNMENT_BULK/FMCS/c7a9ce561f9c__The-Arbitration-Program_2024.pdf,c7a9ce561f9c2a07f53683842d52593bd7472de98f964fdf157abf6e1c0b176f,1042110,application/pdf,200,FMCS
USGOV-D6EF0A0BCDD2E043,Affirmative Action Plan – 2023,https://www.fmcs.gov/wp-content/uploads/2024/07/Affirmative-Action-Plan-2023.pdf,2026-09-21,DUPLICATE,https://www.fmcs.gov/eeo-nofear/affirmative-action-plan-2023-2/,GOVERNMENT_BULK/FMCS/18b19221844d__Affirmative-Action-Plan-2023.pdf,18b19221844ddc91406f1f7fa8624014bf75e01536360c724d64f6e19b6f0f1d,70671,application/pdf,200,FMCS
USGOV-01CFE4707D8A1574,DIRECTIVE 5707 – REASONABLE ACCOMODATION Appendix 1,https://www.fmcs.gov/wp-content/uploads/2024/07/DIRECTIVE-5707-REASONABLE-ACCOMODATION-Appendix-1.pdf,2026-09-21,ACQUIRED,https://www.fmcs.gov/eeo-nofear/directive-5707-reasonable-accomodation-appendix-1/,GOVERNMENT_BULK/FMCS/e6367a9c8d30__DIRECTIVE-5707-REASONABLE-ACCOMODATION-Appendix-1.pdf,e6367a9c8d301ca4924b92b41ed620c9e820b7e548f7bcc7693d10aa9424729f,144917,application/pdf,200,FMCS
USGOV-767F4DBC054656D1,FMCS’ 2024 National Labor-Management Conference Is a Monumental Success,https://www.fmcs.gov/wp-content/uploads/2024/07/FMCS-2024-National-Labor-Management-Conference-Is-a-Monumental-Success.pdf,2026-09-21,ACQUIRED,https://www.fmcs.gov/resources/documents-and-data/fmcs-2024-national-labor-management-conference-is-a-monumental-success-2/,GOVERNMENT_BULK/FMCS/900021082e64__FMCS-2024-National-Labor-Management-Conference-Is-a-Monumental-Success.pdf,900021082e649c1ebca39f5c865fe46c5a1f6138973964a3a77e3baeea123670,569796,application/pdf,200,FMCS
USGOV-E7AC5E028121D7A4,FMCS Arbitration SORN 2024,https://www.fmcs.gov/wp-content/uploads/2024/07/FMCS-Arbitration-SORN.pdf,2026-09-21,ACQUIRED,https://www.fmcs.gov/sorns/fmcs-arbitration-sorn/,GOVERNMENT_BULK/FMCS/21a81cead2b8__FMCS-Arbitration-SORN.pdf,21a81cead2b846f57c5ec70f8d22eae8b533b75b824c25c8b38893464701a4b6,234521,application/pdf,200,FMCS
USGOV-A93EF8F0F451E28B,FMCS Photography SORN 2024,https://www.fmcs.gov/wp-content/uploads/2024/07/FMCS-Photography-SORN.pdf,2026-09-21,ACQUIRED,https://www.fmcs.gov/sorns/fmcs-photography-sorn/,GOVERNMENT_BULK/FMCS/e42171e20109__FMCS-Photography-SORN.pdf,e42171e20109669f3dd0da82016b25b19ede2e74cb131aced1e960f8740d646d,163283,application/pdf,200,FMCS
USGOV-F65C6CF484CE7F4E,FMCS Internal Assessment SORN 2024,https://www.fmcs.gov/wp-content/uploads/2024/08/FMCS-Internal-Assessment-SORN.pdf,2026-09-21,ACQUIRED,https://www.fmcs.gov/sorns/fmcs-internal-assessment-sorn/,GOVERNMENT_BULK/FMCS/5ee107f357d7__FMCS-Internal-Assessment-SORN.pdf,5ee107f357d750802bdcd4e392def27fe5cfc07e1c38928cfd8bcd01179ebf90,189030,application/pdf,200,FMCS
USGOV-0F76E5D7F8096055,FMCS CollabSpace SORN,https://www.fmcs.gov/wp-content/uploads/2024/09/FMCS-CollabSpace-SORN.pdf,2026-09-21,ACQUIRED,https://www.fmcs.gov/sorns/fmcs-collabspace-sorn/,GOVERNMENT_BULK/FMCS/49c6c8c9c372__FMCS-CollabSpace-SORN.pdf,49c6c8c9c37234b66a6cd410aa1480d9333173ac9668918701fc4d66f5780305,190427,application/pdf,200,FMCS
USGOV-1BA6B25A289D5A5F,Privacy Impact Assessment – Ethics SORN,https://www.fmcs.gov/wp-content/uploads/2024/09/FMCS-PIA-Ethics-SORN.pdf,2026-09-21,ACQUIRED,https://www.fmcs.gov/privacy-policy/fmcs-pia-ethics-sorn/,GOVERNMENT_BULK/FMCS/3e579cdc240a__FMCS-PIA-Ethics-SORN.pdf,3e579cdc240afd26a5851fd5420373bf5ae11e2b3f9db3076599374d964c3edf,446363,application/pdf,200,FMCS
USGOV-D06A0DFF9264EF10,FMCS Shared Neutrals SORN,https://www.fmcs.gov/wp-content/uploads/2024/09/FMCS-Shared-Neutrals-SORN.pdf,2026-09-21,ACQUIRED,https://www.fmcs.gov/sorns/fmcs-shared-neutrals-sorn/,GOVERNMENT_BULK/FMCS/3d484b67312b__FMCS-Shared-Neutrals-SORN.pdf,3d484b67312b32a1b3a91e24ab9613ca8e09066976f401f91e77626304502232,194277,application/pdf,200,FMCS
USGOV-161C01761A62EFA3,FMCS Statement on the Resumption of Mediation Efforts Amid Boeing-IAM Contract Dispute,https://www.fmcs.gov/wp-content/uploads/2024/09/FMCS-Statement-on-the-Resumption-of-Mediation-Efforts-Amid-Boeing-IAM-Contract-Dispute.pdf,2026-09-21,ACQUIRED,https://www.fmcs.gov/resources/documents-and-data/fmcs-statement-on-the-resumption-of-mediation-efforts-amid-boeing-iam-contract-dispute-2/,GOVERNMENT_BULK/FMCS/9b437aba9d48__FMCS-Statement-on-the-Resumption-of-Mediation-Efforts-Amid-Boeing-IAM-Contract-Dispute.pdf,9b437aba9d4820452e1883fc5469e32448c2be4105f0681d3d9bc622008d0a55,228666,application/pdf,200,FMCS
USGOV-B82C3CEBC405FEA0,Per Diem Rates Sept 2024,https://www.fmcs.gov/wp-content/uploads/2024/10/Per-Diem-Rates-Sept-2024.pdf,2026-09-21,ACQUIRED,https://www.fmcs.gov/resources/documents-and-data/per-diem-rates-sept-2024/,GOVERNMENT_BULK/FMCS/9bb8f7949dd0__Per-Diem-Rates-Sept-2024.pdf,9bb8f7949dd0dbcb7e986200e3dba17c764bc9ee2e8b275034092847c5f35629,156544,application/pdf,200,FMCS
USGOV-3C089EC46A0C85CA,PerDiemRates June 2024,https://www.fmcs.gov/wp-content/uploads/2024/10/PerDiemRates-June-2024.pdf,2026-09-21,ACQUIRED,https://www.fmcs.gov/resources/documents-and-data/perdiemrates-june-2024/,GOVERNMENT_BULK/FMCS/24f626f27f5f__PerDiemRates-June-2024.pdf,24f626f27f5f2a49b8be31c4de24bed7efdc2b7766d68e2bbde5a4027c31c81e,159500,application/pdf,200,FMCS
USGOV-BEE8CF180646CF23,PerDiem Rates as of September 2023,https://www.fmcs.gov/wp-content/uploads/2024/10/PerDiemRates-as-of-September-2023.pdf,2026-09-21,ACQUIRED,https://www.fmcs.gov/resources/documents-and-data/perdiemrates-as-of-september-2023/,GOVERNMENT_BULK/FMCS/e9f471d168fb__PerDiemRates-as-of-September-2023.pdf,e9f471d168fbefccf6598fd1a80b742404d3da6f9bfa41379e83c80ad25c59ad,168050,application/pdf,200,FMCS
USGOV-6E2A8544117BAFA3,Time bet Milestones FY24,https://www.fmcs.gov/wp-content/uploads/2024/10/Time-bet-Milestones-FY24.pdf,2026-09-21,ACQUIRED,https://www.fmcs.gov/resources/documents-and-data/time-bet-milestones-fy24/,GOVERNMENT_BULK/FMCS/659c1a03a636__Time-bet-Milestones-FY24.pdf,659c1a03a63644d6300182fb1e36e8ae91aebe6562b4c5d0e0ab6613972b1453,56773,application/pdf,200,FMCS
USGOV-F894768636C55167,Time between Milestones FY 2023,https://www.fmcs.gov/wp-content/uploads/2024/10/Time-between-Milestones-FY-2023.pdf,2026-09-21,ACQUIRED,https://www.fmcs.gov/resources/documents-and-data/time-between-milestones-fy-2023/,GOVERNMENT_BULK/FMCS/e2e12c6f23c8__Time-between-Milestones-FY-2023.pdf,e2e12c6f23c8b4093ea616198f7edcf7fd7130ee87f12a21211fa180a35c88e4,57597,application/pdf,200,FMCS
USGOV-A3DBDCA3E90B9A39,Yearly Panels By State FY 2024,https://www.fmcs.gov/wp-content/uploads/2024/10/Yearly-Panels-By-State-FY-2024.pdf,2026-09-21,ACQUIRED,https://www.fmcs.gov/resources/documents-and-data/yearly-panels-by-state-fy-2024/,GOVERNMENT_BULK/FMCS/45a9fbd0f98d__Yearly-Panels-By-State-FY-2024.pdf,45a9fbd0f98ddd15b51c7f5277b6c166ab5e1a522b3701c68933be603d3218ad,92672,application/pdf,200,FMCS
USGOV-413C4874A628AEAE,Yearly Panels By State FY 2023,https://www.fmcs.gov/wp-content/uploads/2024/10/YearlyPanelsByState-FY-2023.pdf,2026-09-21,ACQUIRED,https://www.fmcs.gov/resources/documents-and-data/yearlypanelsbystate-fy-2023/,GOVERNMENT_BULK/FMCS/2ac09d419cba__YearlyPanelsByState-FY-2023.pdf,2ac09d419cba727d4afb09ada86761b8b871c102e48c4e9b127730659b297dee,105428,application/pdf,200,FMCS
USGOV-649C96CE503CB72B,2022 12 – FMCS Mediates Beneficial Gulf Coast Rail Agreement,https://www.fmcs.gov/wp-content/uploads/2024/11/2022-12-FMCS-Mediates-Beneficial-Gulf-Coast-Rail-Agreement.pdf,2026-09-21,ACQUIRED,https://www.fmcs.gov/home-fmcs-2/success_stories/2022-12-fmcs-mediates-beneficial-gulf-coast-rail-agreement/,GOVERNMENT_BULK/FMCS/8278950f4d10__2022-12-FMCS-Mediates-Beneficial-Gulf-Coast-Rail-Agreement.pdf,8278950f4d102324bdb6186b23d549e57c79fa2cbb79131e7e4fdd95d21aa919,232642,application/pdf,200,FMCS
USGOV-81EBC69AFD5C1668,2023 02 – FMCS-Mediated Transportation Agreement Helps Ensure Labor Peace (CATS),https://www.fmcs.gov/wp-content/uploads/2024/11/2023-02-FMCS-Mediated-Transportation-Agreement-Helps-Ensure-Labor-Peace-CATS.pdf,2026-09-21,ACQUIRED,https://www.fmcs.gov/home-fmcs-2/success_stories/2023-02-fmcs-mediated-transportation-agreement-helps-ensure-labor-peace-cats/,GOVERNMENT_BULK/FMCS/79c82aaf3d09__2023-02-FMCS-Mediated-Transportation-Agreement-Helps-Ensure-Labor-Peace-CATS.pdf,79c82aaf3d099a2db4fe2053803fb9d6f4e1df36a62b7c80ef78736881817524,263015,application/pdf,200,FMCS
USGOV-9767BF3B3617550D,2023 02 – Federal Mediation Averts Massive Minnesota Nurses Strike,https://www.fmcs.gov/wp-content/uploads/2024/11/2023-02-Federal-Mediation-Averts-Massive-Minnesota-Nurses-Strike.pdf,2026-09-21,ACQUIRED,https://www.fmcs.gov/home-fmcs-2/success_stories/2023-02-federal-mediation-averts-massive-minnesota-nurses-strike/,GOVERNMENT_BULK/FMCS/4b730fe37b6b__2023-02-Federal-Mediation-Averts-Massive-Minnesota-Nurses-Strike.pdf,4b730fe37b6bdb643f9e3c12776bb8c3b7d305f677ccc5e686664c5e9350ed4e,249821,application/pdf,200,FMCS
USGOV-961AB60D1A6090F4,2023 02 – NYC Nurses’ Strike Ends After Successful Federal Mediation,https://www.fmcs.gov/wp-content/uploads/2024/11/2023-02-NYC-Nurses-Strike-Ends-After-Successful-Federal-Mediation.pdf,2026-09-21,ACQUIRED,https://www.fmcs.gov/home-fmcs-2/success_stories/2023-02-nyc-nurses-strike-ends-after-successful-federal-mediation/,GOVERNMENT_BULK/FMCS/4ffa0d9a3c9e__2023-02-NYC-Nurses-Strike-Ends-After-Successful-Federal-Mediation.pdf,4ffa0d9a3c9e6d857226229381a4dc552050e253100f975c58673f90703347c8,363695,application/pdf,200,FMCS
USGOV-3EF9268AC4EF5132,2023 05 – FMCS Helps Actors’ Equity Membership Reach Historic Agreement With Broadway League & League of Resident Theatres,https://www.fmcs.gov/wp-content/uploads/2024/11/2023-05-FMCS-Helps-Actors-Equity-Membership-Reach-Historic-Agreement-With-Broadway-League-League-of-Resident-Theatres.pdf,2026-09-21,ACQUIRED,https://www.fmcs.gov/home-fmcs-2/success_stories/2023-05-fmcs-helps-actors-equity-membership-reach-historic-agreement-with-broadway-league-league-of-resident-theatres/,GOVERNMENT_BULK/FMCS/0b68c6a21415__2023-05-FMCS-Helps-Actors-Equity-Membership-Reach-Historic-Agreement-With-Broadway-League-League-of-Resident-Theatres.pdf,0b68c6a21415e4840adf6ce93ccd88f6be28a6835ddba7c74a518122d681cda0,311348,application/pdf,200,FMCS
USGOV-B6DB650679449E22,2023 05 – FMCS Helps End Strike at Rhode Island School of Design,https://www.fmcs.gov/wp-content/uploads/2024/11/2023-05-FMCS-Helps-End-Strike-at-Rhode-Island-School-of-Design.pdf,2026-09-21,ACQUIRED,https://www.fmcs.gov/home-fmcs-2/success_stories/2023-05-fmcs-helps-end-strike-at-rhode-island-school-of-design/,GOVERNMENT_BULK/FMCS/c94aa9af99f0__2023-05-FMCS-Helps-End-Strike-at-Rhode-Island-School-of-Design.pdf,c94aa9af99f0ff16c96384d8df871ff77bf083b5b2a37d52de9efd376cbce91c,213076,application/pdf,200,FMCS
USGOV-FAEF3B95B64158C1,2023 05 – FMCS Helps End Strikes at Multiple Illinois Universities,https://www.fmcs.gov/wp-content/uploads/2024/11/2023-05-FMCS-Helps-End-Strikes-at-Multiple-Illinois-Universities.pdf,2026-09-21,ACQUIRED,https://www.fmcs.gov/home-fmcs-2/success_stories/2023-05-fmcs-helps-end-strikes-at-multiple-illinois-universities/,GOVERNMENT_BULK/FMCS/b0d5ad9ddb35__2023-05-FMCS-Helps-End-Strikes-at-Multiple-Illinois-Universities.pdf,b0d5ad9ddb35367fa64c26df84d8087222caceeeac2ea28cbf66d01784f48dc6,273513,application/pdf,200,FMCS
USGOV-271337A1127D02C7,2023 05 – Federal Mediator Helps Henry Mayo Newhall Hospital and Union Reach Agreement Following Workers’ Strike,https://www.fmcs.gov/wp-content/uploads/2024/11/2023-05-Federal-Mediator-Helps-Henry-Mayo-Newhall-Hospital-and-Union-Reach-Agreement-Following-Workers-Strike.pdf,2026-09-21,ACQUIRED,https://www.fmcs.gov/home-fmcs-2/success_stories/2023-05-federal-mediator-helps-henry-mayo-newhall-hospital-and-union-reach-agreement-following-workers-strike/,GOVERNMENT_BULK/FMCS/a4ce24364356__2023-05-Federal-Mediator-Helps-Henry-Mayo-Newhall-Hospital-and-Union-Reach-Agreement-Following-Workers-Strike.pdf,a4ce243643567f9ce767dd170dbdaa4fe65feac2ea06fce75c3af71a7e13bec8,288290,application/pdf,200,FMCS
USGOV-7BAB5B9B0CA84ADD,2023 06 – FMCS-Mediated Transportation Agreement Helps Ensure Labor Peace (NORTA & IBEW),https://www.fmcs.gov/wp-content/uploads/2024/11/2023-06-FMCS-Mediated-Transportation-Agreement-Helps-Ensure-Labor-Peace-NORTA-IBEW.pdf,2026-09-21,ACQUIRED,https://www.fmcs.gov/home-fmcs-2/success_stories/2023-06-fmcs-mediated-transportation-agreement-helps-ensure-labor-peace-norta-ibew/,GOVERNMENT_BULK/FMCS/21fe4dfd1354__2023-06-FMCS-Mediated-Transportation-Agreement-Helps-Ensure-Labor-Peace-NORTA-IBEW.pdf,21fe4dfd13543fcc657dc1a99a90ed698362a48cbb6264cd24223daa9728febe,281046,application/pdf,200,FMCS
USGOV-C53678E808CCE7EF,2023 09 – Federal Mediator Helps St. Charles Medical Center and Union Reach Agreement Averting Nurses Strike,https://www.fmcs.gov/wp-content/uploads/2024/11/2023-09-Federal-Mediator-Helps-St.-Charles-Medical-Center-and-Union-Reach-Agreement-Averting-Nurses-Strike.pdf,2026-09-21,ACQUIRED,https://www.fmcs.gov/home-fmcs-2/success_stories/2023-09-federal-mediator-helps-st-charles-medical-center-and-union-reach-agreement-averting-nurses-strike/,GOVERNMENT_BULK/FMCS/50238651f86e__2023-09-Federal-Mediator-Helps-St.-Charles-Medical-Center-and-Union-Reach-Agreement-Averting-Nurses-Strike.pdf,50238651f86ebc22a5d8f1ac1ad577e40cacd0c3ca2c772a41eac07b769ad0b9,246467,application/pdf,200,FMCS
USGOV-F174037A61AF4684,"2023 10 – FMCS Mediation Drives Historic Agreement – Biden-Harris Administration, Tribes Collaborate to Support Salmon Reintroduction in the Upper Columbia River Basin",https://www.fmcs.gov/wp-content/uploads/2024/11/2023-10-FMCS-Mediation-Drives-Historic-Agreement-Biden-Harris-Administration-Tribes-Collaborate-to-Support-Salmon-Reintroduction-in-the-Upper-Columbia-River-Basin.pdf,2026-09-21,FAILED,https://www.fmcs.gov/home-fmcs-2/success_stories/2023-10-fmcs-mediation-drives-historic-agreement-biden-harris-administration-tribes-collaborate-to-support-salmon-reintroduction-in-the-upper-columbia-river-basin/,,,216895,application/pdf,200,FMCS
USGOV-A79B382E255FA222,2023 10 – FMCS Mediators Help Wabtec Corporation and Union Reach Agreement Ending Lengthy Strike,https://www.fmcs.gov/wp-content/uploads/2024/11/2023-10-FMCS-Mediators-Help-Wabtec-Corporation-and-Union-Reach-Agreement-Ending-Lengthy-Strike.pdf,2026-09-21,ACQUIRED,https://www.fmcs.gov/home-fmcs-2/success_stories/2023-10-fmcs-mediators-help-wabtec-corporation-and-union-reach-agreement-ending-lengthy-strike/,GOVERNMENT_BULK/FMCS/3dff083717f8__2023-10-FMCS-Mediators-Help-Wabtec-Corporation-and-Union-Reach-Agreement-Ending-Lengthy-Strike.pdf,3dff083717f8aea866d5e8c2db04aac9b88e879bd47284939d9e09fda7f99258,208139,application/pdf,200,FMCS
USGOV-373180043F9E9249,2023 11 – FMCS Mediators Successfully Facilitate Agreement Averting Strike for CenterPoint Energy and IBEW,https://www.fmcs.gov/wp-content/uploads/2024/11/2023-11-FMCS-Mediators-Successfully-Facilitate-Agreement-Averting-Strike-for-CenterPoint-Energy-and-IBEW.pdf,2026-09-21,ACQUIRED,https://www.fmcs.gov/home-fmcs-2/success_stories/2023-11-fmcs-mediators-successfully-facilitate-agreement-averting-strike-for-centerpoint-energy-and-ibew/,GOVERNMENT_BULK/FMCS/495d04c81279__2023-11-FMCS-Mediators-Successfully-Facilitate-Agreement-Averting-Strike-for-CenterPoint-Energy-and-IBEW.pdf,495d04c812798924127f605a11621950bcdabe5e4018c6c9d7eb420194a57ee8,368751,application/pdf,200,FMCS
USGOV-B136A30E28E12EC5,2023 11 – Strikes End at Nevada National Security Site with FMCS Mediation,https://www.fmcs.gov/wp-content/uploads/2024/11/2023-11-Strikes-End-at-Nevada-National-Security-Site-with-FMCS-Mediation.pdf,2026-09-21,ACQUIRED,https://www.fmcs.gov/home-fmcs-2/success_stories/2023-11-strikes-end-at-nevada-national-security-site-with-fmcs-mediation/,GOVERNMENT_BULK/FMCS/131d05ffee1c__2023-11-Strikes-End-at-Nevada-National-Security-Site-with-FMCS-Mediation.pdf,131d05ffee1c75b29077f585edb2b5aa666c396a04f3eb02da025eae909d3983,230827,application/pdf,200,FMCS
USGOV-D8E758EBF6925269,2024 01 – Strike Averted at Century Aluminum with FMCS Mediation,https://www.fmcs.gov/wp-content/uploads/2024/11/2024-01-Strike-Averted-at-Century-Aluminum-with-FMCS-Mediation.pdf,2026-09-21,ACQUIRED,https://www.fmcs.gov/home-fmcs-2/success_stories/2024-01-strike-averted-at-century-aluminum-with-fmcs-mediation/,GOVERNMENT_BULK/FMCS/014fc60ee6e9__2024-01-Strike-Averted-at-Century-Aluminum-with-FMCS-Mediation.pdf,014fc60ee6e9fab128b665396ed22db962c476158ffe8d5ebc3a15c579906dd4,239648,application/pdf,200,FMCS
USGOV-0012D90EB3554A51,"2024 03 – Federal Mediation Resolves Kroger Mid-Atlantic Union Negotiations, Averting Strike",https://www.fmcs.gov/wp-content/uploads/2024/11/2024-03-Federal-Mediation-Resolves-Kroger-Mid-Atlantic-Union-Negotiations-Averting-Strike.pdf,2026-09-21,ACQUIRED,https://www.fmcs.gov/home-fmcs-2/success_stories/2024-03-federal-mediation-resolves-kroger-mid-atlantic-union-negotiations-averting-strike/,GOVERNMENT_BULK/FMCS/545b5a1bd4fa__2024-03-Federal-Mediation-Resolves-Kroger-Mid-Atlantic-Union-Negotiations-Averting-Strike.pdf,545b5a1bd4fa8078b8fdbfc661f2a0cab6bf3d5b656d821bde04586c81fd878a,143928,application/pdf,200,FMCS
USGOV-9DFE0A8C74C0E533,"2024 05 – Federal Mediators Secure Agreement Between Chicago Park Distrct and SEIU Local, Avoiding Strike",https://www.fmcs.gov/wp-content/uploads/2024/11/2024-05-Federal-Mediators-Secure-Agreement-Between-Chicago-Park-Distrct-and-SEIU-Local-Avoiding-Strike.pdf,2026-09-21,ACQUIRED,https://www.fmcs.gov/home-fmcs-2/success_stories/2024-05-federal-mediators-secure-agreement-between-chicago-park-distrct-and-seiu-local-avoiding-strike/,GOVERNMENT_BULK/FMCS/66f10d93596d__2024-05-Federal-Mediators-Secure-Agreement-Between-Chicago-Park-Distrct-and-SEIU-Local-Avoiding-Strike.pdf,66f10d93596d658ebcd85ac32eda1803daeb0cb453222a206563deb93ef7ce19,350793,application/pdf,200,FMCS
USGOV-ADB78CC6A90995FD,"2024 06 – FMCS Intervention Brings Resolution, Averts Strike in Hospital Nurses Negotiations",https://www.fmcs.gov/wp-content/uploads/2024/11/2024-06-FMCS-Intervention-Brings-Resolution-Averts-Strike-in-Hospital-Nurses-Negotiations.pdf,2026-09-21,ACQUIRED,https://www.fmcs.gov/home-fmcs-2/success_stories/2024-06-fmcs-intervention-brings-resolution-averts-strike-in-hospital-nurses-negotiations/,GOVERNMENT_BULK/FMCS/9c6700dd23d8__2024-06-FMCS-Intervention-Brings-Resolution-Averts-Strike-in-Hospital-Nurses-Negotiations.pdf,9c6700dd23d8857dc83b1735ee529f18204e783007bd718759aa0ddfc8965bfa,256267,application/pdf,200,FMCS
USGOV-D104C9BE6B43F13E,2024 06 – FMCS Successfully Mediates Resolution in High-Stakes Nuclear Security Officers Negotiations,https://www.fmcs.gov/wp-content/uploads/2024/11/2024-06-FMCS-Successfully-Mediates-Resolution-in-High-Stakes-Nuclear-Security-Officers-Negotiations.pdf,2026-09-21,ACQUIRED,https://www.fmcs.gov/home-fmcs-2/success_stories/2024-06-fmcs-successfully-mediates-resolution-in-high-stakes-nuclear-security-officers-negotiations/,GOVERNMENT_BULK/FMCS/4833dd533551__2024-06-FMCS-Successfully-Mediates-Resolution-in-High-Stakes-Nuclear-Security-Officers-Negotiations.pdf,4833dd533551469fc09c194e4770874e9fa57e4d0e18968c251261e68168e9b3,249415,application/pdf,200,FMCS
USGOV-8658A6CBA5D54E9D,2024 06 – FMCS Training Paves Way for Tyson Foods and Union to Reach Agreement,https://www.fmcs.gov/wp-content/uploads/2024/11/2024-06-FMCS-Training-Paves-Way-for-Tyson-Foods-and-Union-to-Reach-Agreement.pdf,2026-09-21,ACQUIRED,https://www.fmcs.gov/home-fmcs-2/success_stories/2024-06-fmcs-training-paves-way-for-tyson-foods-and-union-to-reach-agreement/,GOVERNMENT_BULK/FMCS/b791b565c2c3__2024-06-FMCS-Training-Paves-Way-for-Tyson-Foods-and-Union-to-Reach-Agreement.pdf,b791b565c2c3711627506c064b46be99d09d9beec3f13e18ce118a08caf2e8bf,276088,application/pdf,200,FMCS
USGOV-2902EF197FCE43A2,2024 06 – Federal Mediation Helps Chicago Public Schools and Support Staff Avert Strike With New Contract Agreement,https://www.fmcs.gov/wp-content/uploads/2024/11/2024-06-Federal-Mediation-Helps-Chicago-Public-Schools-and-Support-Staff-Avert-Strike-With-New-Contract-Agreement.pdf,2026-09-21,ACQUIRED,https://www.fmcs.gov/home-fmcs-2/success_stories/2024-06-federal-mediation-helps-chicago-public-schools-and-support-staff-avert-strike-with-new-contract-agreement/,GOVERNMENT_BULK/FMCS/47973e07f43e__2024-06-Federal-Mediation-Helps-Chicago-Public-Schools-and-Support-Staff-Avert-Strike-With-New-Contract-Agreement.pdf,47973e07f43e847f1f7a546797105d1dea557b8d010b0e9aab20ef6175efaf8e,197055,application/pdf,200,FMCS
USGOV-55B4D8CDD79EED8C,2024 07 – FMCS Essential in Resolving First Contract for UPenn Resident Advisors,https://www.fmcs.gov/wp-content/uploads/2024/11/2024-07-FMCS-Essential-in-Resolving-First-Contract-for-UPenn-Resident-Advisors.pdf,2026-09-21,ACQUIRED,https://www.fmcs.gov/home-fmcs-2/success_stories/2024-07-fmcs-essential-in-resolving-first-contract-for-upenn-resident-advisors/,GOVERNMENT_BULK/FMCS/00bac8cdcf9b__2024-07-FMCS-Essential-in-Resolving-First-Contract-for-UPenn-Resident-Advisors.pdf,00bac8cdcf9b890108cd0c3d0c7866be05e5d3f8716e8bdd833ed15596ec4ed2,271731,application/pdf,200,FMCS
USGOV-435B13F879096948,2024 07 – Federal Mediator Assists St Christopher’s Hospital and Union in Reaching Agreement to Avert Strike,https://www.fmcs.gov/wp-content/uploads/2024/11/2024-07-Federal-Mediator-Assists-St-Christophers-Hospital-and-Union-in-Reaching-Agreement-to-Avert-Strike.pdf,2026-09-21,ACQUIRED,https://www.fmcs.gov/home-fmcs-2/success_stories/2024-07-federal-mediator-assists-st-christophers-hospital-and-union-in-reaching-agreement-to-avert-strike/,GOVERNMENT_BULK/FMCS/c65773c3d388__2024-07-Federal-Mediator-Assists-St-Christophers-Hospital-and-Union-in-Reaching-Agreement-to-Avert-Strike.pdf,c65773c3d3886a89f7cf370b9aaf84d5f716fcd1ab18325ea08b5d77b2062fd2,330639,application/pdf,200,FMCS
USGOV-EA76222EF450EA3A,2024 08 – FMCS Mediates Critical NY Utility Workers’ Contract Negotiations to Prevent Heat Wave Strike,https://www.fmcs.gov/wp-content/uploads/2024/11/2024-08-FMCS-Mediates-Critical-NY-Utility-Workers-Contract-Negotiations-to-Prevent-Heat-Wave-Strike.pdf,2026-09-21,ACQUIRED,https://www.fmcs.gov/home-fmcs-2/success_stories/2024-08-fmcs-mediates-critical-ny-utility-workers-contract-negotiations-to-prevent-heat-wave-strike/,GOVERNMENT_BULK/FMCS/8f1224f2575b__2024-08-FMCS-Mediates-Critical-NY-Utility-Workers-Contract-Negotiations-to-Prevent-Heat-Wave-Strike.pdf,8f1224f2575b16ec20295c4896d324c07199db414b2fc0f19c0d69d29c8318bb,286116,application/pdf,200,FMCS
USGOV-F7EBFD902E970BDA,2024 08 – Federal Mediator Assists Roofers’ Assn and Union in Reaching Agreement to End Strike,https://www.fmcs.gov/wp-content/uploads/2024/11/2024-08-Federal-Mediator-Assists-Roofers-Assn-and-Union-in-Reaching-Agreement-to-End-Strike.pdf,2026-09-21,ACQUIRED,https://www.fmcs.gov/home-fmcs-2/success_stories/2024-08-federal-mediator-assists-roofers-assn-and-union-in-reaching-agreement-to-end-strike/,GOVERNMENT_BULK/FMCS/75200beeb126__2024-08-Federal-Mediator-Assists-Roofers-Assn-and-Union-in-Reaching-Agreement-to-End-Strike.pdf,75200beeb126229934b9ae0bfb24cc84a5c34739f6652270569eca1195fa61e9,223736,application/pdf,200,FMCS
USGOV-CDBCF37023A6C523,2024 09 – FMCS Facilitates Historic First Contract Agreement for Unionized Apple Store,https://www.fmcs.gov/wp-content/uploads/2024/11/2024-09-FMCS-Facilitates-Historic-First-Contract-Agreement-for-Unionized-Apple-Store.pdf,2026-09-21,ACQUIRED,https://www.fmcs.gov/home-fmcs-2/success_stories/2024-09-fmcs-facilitates-historic-first-contract-agreement-for-unionized-apple-store/,GOVERNMENT_BULK/FMCS/35efb6147688__2024-09-FMCS-Facilitates-Historic-First-Contract-Agreement-for-Unionized-Apple-Store.pdf,35efb6147688fff468525fce7c3e0e4ae0fb7c195a5aa72c506008e008606f28,316540,application/pdf,200,FMCS
USGOV-C51C8C8F606A86C0,2024 10 – FMCS Mediates Agreement to End JTRAN Strike,https://www.fmcs.gov/wp-content/uploads/2024/11/2024-10-FMCS-Mediates-Agreement-to-End-JTRAN-Strike.pdf,2026-09-21,ACQUIRED,https://www.fmcs.gov/home-fmcs-2/success_stories/2024-10-fmcs-mediates-agreement-to-end-jtran-strike/,GOVERNMENT_BULK/FMCS/2e74c4970b10__2024-10-FMCS-Mediates-Agreement-to-End-JTRAN-Strike.pdf,2e74c4970b10bdbef8fc097825484afb586c5f27b44b762bff54423e457e6940,487638,application/pdf,200,FMCS
USGOV-35AEE5EE8459D91E,2024 10 – Federal Mediation Helps NEA-NEASO Reach Agreement After Work Stoppage,https://www.fmcs.gov/wp-content/uploads/2024/11/2024-10-Federal-Mediation-Helps-NEA-NEASO-Reach-Agreement-After-Work-Stoppage.pdf,2026-09-21,ACQUIRED,https://www.fmcs.gov/home-fmcs-2/success_stories/2024-10-federal-mediation-helps-nea-neaso-reach-agreement-after-work-stoppage/,GOVERNMENT_BULK/FMCS/c16b8e28ff0e__2024-10-Federal-Mediation-Helps-NEA-NEASO-Reach-Agreement-After-Work-Stoppage.pdf,c16b8e28ff0edeaa9050d7da42612e36de7cf81da1bc0d262c9742e6cd112ba3,293952,application/pdf,200,FMCS
USGOV-8A4C8E7E22C89E66,2024 10 – Federal Mediator Helps Brigham and Women’s Hospital and Massachusetts Nurses Association Reach Agreement,https://www.fmcs.gov/wp-content/uploads/2024/11/2024-10-Federal-Mediator-Helps-Brigham-and-Womens-Hospital-and-Massachusetts-Nurses-Association-Reach-Agreement.pdf,2026-09-21,ACQUIRED,https://www.fmcs.gov/home-fmcs-2/success_stories/2024-10-federal-mediator-helps-brigham-and-womens-hospital-and-massachusetts-nurses-association-reach-agreement/,GOVERNMENT_BULK/FMCS/0abdb5f0c091__2024-10-Federal-Mediator-Helps-Brigham-and-Womens-Hospital-and-Massachusetts-Nurses-Association-Reach-Agreement.pdf,0abdb5f0c091935d3e6c47f46e7104fa9caf96bff5de601761de29fc0d3d5cf4,292696,application/pdf,200,FMCS
