SOURCE_ID,TITLE,URL,ACCESS_DATE,ACCESS_STATUS,PROVENANCE,FILE_PATH,SHA256,BYTES,CONTENT_TYPE,HTTP_STATUS,SOURCE_COLLECTION
USGOV-B963903F214513FE,ADR_Full_Page_Brochure_(NEW_2_13_2014),https://www.fmcs.gov/wp-content/uploads/2015/06/ADR_Full_Page_Brochure_NEW_2_13_2014.pdf,2026-09-21,ACQUIRED,https://www.fmcs.gov/adr_full_page_brochure_new_2_13_2014/,GOVERNMENT_BULK/FMCS/2d96511e07d8__ADR_Full_Page_Brochure_NEW_2_13_2014.pdf,2d96511e07d8444801e275f0d2b3c55a5a1a33194f9cd540663a0380cd32621b,177858,application/pdf,200,FMCS
USGOV-2A839B9324729720,ADR_brochure_1-31-2012,https://www.fmcs.gov/wp-content/uploads/2015/06/ADR_brochure_1-31-2012.pdf,2026-09-21,ACQUIRED,https://www.fmcs.gov/adr_brochure_1-31-2012/,GOVERNMENT_BULK/FMCS/0c70f10b77f9__ADR_brochure_1-31-2012.pdf,0c70f10b77f9681888c544b5642e75fe3409183a307d9f455bfbdb1c0ac985b4,172479,application/pdf,200,FMCS
USGOV-028D3A21F6F14B6D,FMCS_Intl_Brochure_4-19-12,https://www.fmcs.gov/wp-content/uploads/2015/06/FMCS_Intl_Brochure_4-19-12.pdf,2026-09-21,ACQUIRED,https://www.fmcs.gov/fmcs_intl_brochure_4-19-12/,GOVERNMENT_BULK/FMCS/8c0e04805948__FMCS_Intl_Brochure_4-19-12.pdf,8c0e04805948ef518ad45490da76f4e9dcd6d51242cfed0f4b783112d59f2806,563450,application/pdf,200,FMCS
USGOV-BDDE359F35768D71,Collective Bargaining Mediation (August 2006),https://www.fmcs.gov/wp-content/uploads/2015/07/146-Collective_Bargain.pdf,2026-09-21,ACQUIRED,https://www.fmcs.gov/resources/documents-and-data/146-collective_bargain/,GOVERNMENT_BULK/FMCS/43a96d7fc85a__146-Collective_Bargain.pdf,43a96d7fc85a04dd1d737fe488b7de4bb3b312f5be404795a4898fedff9541d9,34612,application/pdf,200,FMCS
USGOV-EC4C8FE96B8707EA,Grievance Mediation   (August 2006),https://www.fmcs.gov/wp-content/uploads/2015/07/146-Grievance.pdf,2026-09-21,ACQUIRED,https://www.fmcs.gov/resources/documents-and-data/146-grievance/,GOVERNMENT_BULK/FMCS/88de04210e9e__146-Grievance.pdf,88de04210e9e1cf3b53aa6b8e1b5dce184d96515d5820ea09eb6efb4f81d1dfa,30826,application/pdf,200,FMCS
USGOV-08350E8977B44739,2000 FMCS Annual Report,https://www.fmcs.gov/wp-content/uploads/2015/07/2000AnnualReport.pdf,2026-09-21,ACQUIRED,https://www.fmcs.gov/2000annualreport/,GOVERNMENT_BULK/FMCS/56512259cd6f__2000AnnualReport.pdf,56512259cd6fddddbf3a8872be09c4598ce8d12e14d52b15d444e09bb3521a72,719000,application/pdf,200,FMCS
USGOV-16671A7D7AB8FEBA,2009 FMCS Annual Report,https://www.fmcs.gov/wp-content/uploads/2015/07/2009_Annual_Report.pdf,2026-09-21,ACQUIRED,https://www.fmcs.gov/2009_annual_report/,GOVERNMENT_BULK/FMCS/301cb8048e9e__2009_Annual_Report.pdf,301cb8048e9ed4a8919aec5054073f8f7b0c0b3e61dfa2129b7e530fb6132b1a,236702,application/pdf,200,FMCS
USGOV-BEDBA26ABA8AAFF1,2011 FMCS Annual Report,https://www.fmcs.gov/wp-content/uploads/2015/07/2011_Annual_Report.pdf,2026-09-21,ACQUIRED,https://www.fmcs.gov/2011_annual_report/,GOVERNMENT_BULK/FMCS/bf1db8b16689__2011_Annual_Report.pdf,bf1db8b16689333522c0c27bc32240263c566df26f01c6c0d10af68168346ce3,224367,application/pdf,200,FMCS
USGOV-C043CDC9E0CC35E5,2012 FMCS Annual Report,https://www.fmcs.gov/wp-content/uploads/2015/07/2012_Annual_Report.pdf,2026-09-21,ACQUIRED,https://www.fmcs.gov/2012_annual_report/,GOVERNMENT_BULK/FMCS/abec868dc76b__2012_Annual_Report.pdf,abec868dc76b6e498da8ece6d1b30e1d52d07dcf13bdf00fac069384d530968a,1679596,application/pdf,200,FMCS
USGOV-E86FF743C9DEFA05,FMCS ADR Services (March 2014),https://www.fmcs.gov/wp-content/uploads/2015/07/ADR_Services.pdf,2026-09-21,ACQUIRED,https://www.fmcs.gov/resources/documents-and-data/adr_services/,GOVERNMENT_BULK/FMCS/e065bde28d41__ADR_Services.pdf,e065bde28d419f42edc3d4c542331dd9693a4e8001131a1fdf014856e6a861b0,177636,application/pdf,200,FMCS
USGOV-0E732E84D4F0D3DA,Conflict Resolution & ADR Services for Government (January 2012),https://www.fmcs.gov/wp-content/uploads/2015/07/ADR_brochure_1-31-2012.pdf,2026-09-21,DUPLICATE,https://www.fmcs.gov/resources/documents-and-data/adr_brochure_1-31-2012-2/,GOVERNMENT_BULK/FMCS/0c70f10b77f9__ADR_brochure_1-31-2012.pdf,0c70f10b77f9681888c544b5642e75fe3409183a307d9f455bfbdb1c0ac985b4,172479,application/pdf,200,FMCS
USGOV-35143458B0B4D039,DOE_Negotiated_Rulemaking__6-30-2015,https://www.fmcs.gov/wp-content/uploads/2015/07/DOE_Negotiated_Rulemaking__6-30-2015.pdf,2026-09-21,ACQUIRED,https://www.fmcs.gov/doe_negotiated_rulemaking__6-30-2015/,GOVERNMENT_BULK/FMCS/57dc119fbe56__DOE_Negotiated_Rulemaking__6-30-2015.pdf,57dc119fbe561aae316450bdd17b34eb26e6af6bc4c4c991b2efe98894499187,139012,application/pdf,200,FMCS
USGOV-152ED710A1B27452,DOE_Negotiated_Rulemaking__6-30-2015,https://www.fmcs.gov/wp-content/uploads/2015/07/DOE_Negotiated_Rulemaking__6-30-20151.pdf,2026-09-21,DUPLICATE,https://www.fmcs.gov/doe_negotiated_rulemaking__6-30-2015-2/,GOVERNMENT_BULK/FMCS/57dc119fbe56__DOE_Negotiated_Rulemaking__6-30-20151.pdf,57dc119fbe561aae316450bdd17b34eb26e6af6bc4c4c991b2efe98894499187,139012,application/pdf,200,FMCS
USGOV-DF504E8C00BBF217,2005 FMCS Annual Report,https://www.fmcs.gov/wp-content/uploads/2015/07/FINAL_FY_2005_Annual_Report.pdf,2026-09-21,ACQUIRED,https://www.fmcs.gov/final_fy_2005_annual_report/,GOVERNMENT_BULK/FMCS/b12adbbb59d5__FINAL_FY_2005_Annual_Report.pdf,b12adbbb59d5b9b41a4556f56309743b925fef1a5fcd6dbb03a91a7f4d02958e,250710,application/pdf,200,FMCS
USGOV-953D24D8291D686F,Arbitration (October 2007),https://www.fmcs.gov/wp-content/uploads/2015/07/FMCSArbitration10-07.pdf,2026-09-21,ACQUIRED,https://www.fmcs.gov/resources/documents-and-data/fmcsarbitration10-07/,GOVERNMENT_BULK/FMCS/5a51407fc0e8__FMCSArbitration10-07.pdf,5a51407fc0e8301e0a2e35beb2d180c3f3a6245450e33ea63e125eb8d5dbf986,31116,application/pdf,200,FMCS
USGOV-072DEF23782605F5,Conflict Resolution & ADR Services for Government (October 2007),https://www.fmcs.gov/wp-content/uploads/2015/07/FMCSConflict_ResADR10-07.pdf,2026-09-21,ACQUIRED,https://www.fmcs.gov/resources/documents-and-data/fmcsconflict_resadr10-07/,GOVERNMENT_BULK/FMCS/f02830886b81__FMCSConflict_ResADR10-07.pdf,f02830886b81eeed469e6f9cbe4e17d05d3fde7997884cc4d293f5abf457c14c,34284,application/pdf,200,FMCS
USGOV-CC6B6519C551E071,Employment Mediation (October 2007),https://www.fmcs.gov/wp-content/uploads/2015/07/FMCSEmploymtMediation10-07.pdf,2026-09-21,ACQUIRED,https://www.fmcs.gov/resources/documents-and-data/fmcsemploymtmediation10-07/,GOVERNMENT_BULK/FMCS/f7291fb59798__FMCSEmploymtMediation10-07.pdf,f7291fb597981e69c4bf16fb422de8db6254348ac400521c068e4492db748902,30836,application/pdf,200,FMCS
USGOV-238AA2737E3FED87,International Training and Exchange Programs  (October 2007),https://www.fmcs.gov/wp-content/uploads/2015/07/FMCSIntl_TrainExch10-07.pdf,2026-09-21,ACQUIRED,https://www.fmcs.gov/resources/documents-and-data/fmcsintl_trainexch10-07/,GOVERNMENT_BULK/FMCS/e398a227db1a__FMCSIntl_TrainExch10-07.pdf,e398a227db1a5e0010858adc919716b9fa3e82743f1c585f5f31a5df56538db6,29399,application/pdf,200,FMCS
USGOV-8B1916C2E3586880,Labor-Management Cooperation Grants Program  (October 2007),https://www.fmcs.gov/wp-content/uploads/2015/07/FMCSLabor-ManagmntGrnts07.pdf,2026-09-21,ACQUIRED,https://www.fmcs.gov/resources/documents-and-data/fmcslabor-managmntgrnts07/,GOVERNMENT_BULK/FMCS/9e788e1cb3aa__FMCSLabor-ManagmntGrnts07.pdf,9e788e1cb3aa5ef405c6e1cf034b2c520861ca2ac4cd24b871ea50c38d1ea06c,29661,application/pdf,200,FMCS
USGOV-A4CC7CCF355563B4,Relationship Development and Training   (October 2007),https://www.fmcs.gov/wp-content/uploads/2015/07/FMCSRelationshpDevTrain07.pdf,2026-09-21,ACQUIRED,https://www.fmcs.gov/resources/documents-and-data/fmcsrelationshpdevtrain07/,GOVERNMENT_BULK/FMCS/8e1402dcec6a__FMCSRelationshpDevTrain07.pdf,8e1402dcec6a09263aa89f89630d211898f71e4e2f6de7bd925c45b5cb212bcc,32767,application/pdf,200,FMCS
USGOV-0271C1797070A769,FMCS Five-Year Strategic Plan,https://www.fmcs.gov/wp-content/uploads/2015/07/FMCS_2014-18_Strategic_Plan.pdf,2026-09-21,ACQUIRED,https://www.fmcs.gov/fmcs_2014-18_strategic_plan/,GOVERNMENT_BULK/FMCS/12cf0ed1c7df__FMCS_2014-18_Strategic_Plan.pdf,12cf0ed1c7df13dad66b0948d87495334022c9e8639121e47b6e18d07a7c8281,1333440,application/pdf,200,FMCS
USGOV-ED14E8A6CDF20B85,Building Labor-Management Relationships (March 2009),https://www.fmcs.gov/wp-content/uploads/2015/07/FMCS_Building_LM__Relationships.pdf,2026-09-21,ACQUIRED,https://www.fmcs.gov/resources/documents-and-data/fmcs_building_lm__relationships/,GOVERNMENT_BULK/FMCS/8c5d98d4a67c__FMCS_Building_LM__Relationships.pdf,8c5d98d4a67c559f8450f64f024f9d60d510ab53bc21ddf47c9f4ecd74934f0d,219602,application/pdf,200,FMCS
USGOV-4076B561DA825913,Grievance Mediation (March 2009),https://www.fmcs.gov/wp-content/uploads/2015/07/FMCS_Grievance_Mediation.pdf,2026-09-21,ACQUIRED,https://www.fmcs.gov/resources/documents-and-data/fmcs_grievance_mediation/,GOVERNMENT_BULK/FMCS/45a84ef98126__FMCS_Grievance_Mediation.pdf,45a84ef98126abffdd54cfc1b22bb09210a32cdeb2ff6dfaad9cb7a11fc64047,191435,application/pdf,200,FMCS
USGOV-7F91A79481432C09,Labor Relations & Conflict Resolution FMCS International Training Services (April 2012),https://www.fmcs.gov/wp-content/uploads/2015/07/FMCS_Intl_Brochure_4-19-12.pdf,2026-09-21,ACQUIRED,https://www.fmcs.gov/resources/documents-and-data/fmcs_intl_brochure_4-19-12-2/,GOVERNMENT_BULK/FMCS/3d6a4025c388__FMCS_Intl_Brochure_4-19-12.pdf,3d6a4025c388e84ac3f93df6786a814b10eb0f89fd7bb373b85750aa25959995,424742,application/pdf,200,FMCS
USGOV-EF62CEA150169FD3,Labor-Management Committees (March 2009),https://www.fmcs.gov/wp-content/uploads/2015/07/FMCS_LMC_Planning_for_Progess.pdf,2026-09-21,ACQUIRED,https://www.fmcs.gov/resources/documents-and-data/fmcs_lmc_planning_for_progess-2/,GOVERNMENT_BULK/FMCS/07c2105f701b__FMCS_LMC_Planning_for_Progess.pdf,07c2105f701b2c486169a1150e25f6973ca3148c2b5bf69c39a8ceb9e228a428,257652,application/pdf,200,FMCS
USGOV-63926F84E3E11686,2004 FMCS Annual Report,https://www.fmcs.gov/wp-content/uploads/2015/07/FY04_AnnualReport_FINAL113004.pdf,2026-09-21,ACQUIRED,https://www.fmcs.gov/fy04_annualreport_final113004/,GOVERNMENT_BULK/FMCS/e92653cab76f__FY04_AnnualReport_FINAL113004.pdf,e92653cab76f86690a1a6cd248ab5e069c0696c7ac15c626eac3385ca422554c,690919,application/pdf,200,FMCS
USGOV-7758D805E0DA58A0,2001 FMCS Annual Report,https://www.fmcs.gov/wp-content/uploads/2015/07/FY2001AnnualReport.pdf,2026-09-21,ACQUIRED,https://www.fmcs.gov/fy2001annualreport/,GOVERNMENT_BULK/FMCS/e772502cfa64__FY2001AnnualReport.pdf,e772502cfa64f7c9f0a3e249ba26e42d91f4b6e19c2332a03fa2a0d91c6673b9,672199,application/pdf,200,FMCS
USGOV-1E64F1B2AF7BAFB4,2002 FMCS Annual Report,https://www.fmcs.gov/wp-content/uploads/2015/07/FY2002AnnualReport.pdf,2026-09-21,ACQUIRED,https://www.fmcs.gov/fy2002annualreport/,GOVERNMENT_BULK/FMCS/685d2129979b__FY2002AnnualReport.pdf,685d2129979b64de59528833fb48b6d8cd0e88d5af67ac8ddd3e0bcc528487c6,479071,application/pdf,200,FMCS
USGOV-D9A0A602040F9887,2003 FMCS Annual Report,https://www.fmcs.gov/wp-content/uploads/2015/07/FY2003_Annual_Report_with_correction.pdf,2026-09-21,ACQUIRED,https://www.fmcs.gov/fy2003_annual_report_with_correction/,GOVERNMENT_BULK/FMCS/f784e5a09f36__FY2003_Annual_Report_with_correction.pdf,f784e5a09f362e8c0a4a2d9ed5537b39631411c7f7b012f3d1777c547bea8ed7,662156,application/pdf,200,FMCS
USGOV-FF6FADFDB02143D1,2006 FMCS Annual Report,https://www.fmcs.gov/wp-content/uploads/2015/07/FY2006_Annual_Report.pdf,2026-09-21,ACQUIRED,https://www.fmcs.gov/fy2006_annual_report/,GOVERNMENT_BULK/FMCS/e8d2fa6ee49f__FY2006_Annual_Report.pdf,e8d2fa6ee49f8a687094aacf13a583b000dfa937987c173f7f7929def48381a6,254820,application/pdf,200,FMCS
USGOV-75FB5F2AA8B4134F,2007 FMCS Annual Report,https://www.fmcs.gov/wp-content/uploads/2015/07/FY2007_Annual_Report.pdf,2026-09-21,ACQUIRED,https://www.fmcs.gov/fy2007_annual_report/,GOVERNMENT_BULK/FMCS/69f963dfdd9d__FY2007_Annual_Report.pdf,69f963dfdd9d295534cade355b217e24fc13550d3bd84ff40cdea2ad24e389d6,318048,application/pdf,200,FMCS
USGOV-310C9B8627DCFDC2,2008 FMCS Annual Report,https://www.fmcs.gov/wp-content/uploads/2015/07/FY2008_Annual_Report.pdf,2026-09-21,ACQUIRED,https://www.fmcs.gov/fy2008_annual_report/,GOVERNMENT_BULK/FMCS/062f329c6db4__FY2008_Annual_Report.pdf,062f329c6db4b7c6769ea6e311b0d950ca2562f05de4d9ae32ff1db827ddfa69,1719073,application/pdf,200,FMCS
USGOV-A0FC269C347657EE,2010 FMCS Annual Report,https://www.fmcs.gov/wp-content/uploads/2015/07/FY2010_Annual_Report.pdf,2026-09-21,ACQUIRED,https://www.fmcs.gov/fy2010_annual_report/,GOVERNMENT_BULK/FMCS/dbacd6fe9ed9__FY2010_Annual_Report.pdf,dbacd6fe9ed9366a7009bc32a6f0789c60fc6660a0379860c4a4be4263742879,1669703,application/pdf,200,FMCS
USGOV-87DFB374FD7E6661,2013 FMCS Annual Report,https://www.fmcs.gov/wp-content/uploads/2015/07/FY2013_Annual_Report_Final_2-21-14.pdf,2026-09-21,ACQUIRED,https://www.fmcs.gov/fy2013_annual_report_final_2-21-14/,GOVERNMENT_BULK/FMCS/437a0fa258a3__FY2013_Annual_Report_Final_2-21-14.pdf,437a0fa258a3e6358d65c1e231304aaf5c3129ae26a09cd9506e9c95249493fb,1689121,application/pdf,200,FMCS
USGOV-18A9E9BD0ABFCA79,2014 FMCS Annual Report,https://www.fmcs.gov/wp-content/uploads/2015/07/FY2014_Annual_Report_Final.pdf,2026-09-21,ACQUIRED,https://www.fmcs.gov/fy2014_annual_report_final/,GOVERNMENT_BULK/FMCS/b002b758cb9e__FY2014_Annual_Report_Final.pdf,b002b758cb9e39a1c71b8d4f213cd86144098cf449a6a8a8d9864035d783700e,1707202,application/pdf,200,FMCS
USGOV-7EFAACA3E5B01C75,"Franczak, Mike",https://www.fmcs.gov/wp-content/uploads/2015/07/Franczak-Mike.pdf,2026-09-21,ACQUIRED,https://www.fmcs.gov/franczak/franczak-mike/franczak/franczak-mike/,GOVERNMENT_BULK/FMCS/b5f331afa660__Franczak-Mike.pdf,b5f331afa660807235d9affda8a5833650e8b7e8f377ca9a18163f2c8635c621,260446,application/pdf,200,FMCS
USGOV-1A7FE96EA42BCBFE,"Horde, Priscilla",https://www.fmcs.gov/wp-content/uploads/2015/07/Horde-Priscilla.pdf,2026-09-21,ACQUIRED,https://www.fmcs.gov/horde/horde-priscilla/horde/horde-priscilla/,GOVERNMENT_BULK/FMCS/25635c2f23ec__Horde-Priscilla.pdf,25635c2f23ecd92c38302e85100c5789c7a404e3bd6a2ae0b6a1cfaa91ae0eae,326046,application/pdf,200,FMCS
USGOV-9F8B120BC128B614,"Jeffries, Cynthia",https://www.fmcs.gov/wp-content/uploads/2015/07/Jeffries-Cynthia.pdf,2026-09-21,ACQUIRED,https://www.fmcs.gov/jeffries/jeffries-cynthia/jeffries/jeffries-cynthia/,GOVERNMENT_BULK/FMCS/8fc873283e6c__Jeffries-Cynthia.pdf,8fc873283e6c7ab2737e3e83bd62e5320a660ef8798e51158805add157565c69,223072,application/pdf,200,FMCS
USGOV-31565C4E14EFF390,"Millen, Stephen",https://www.fmcs.gov/wp-content/uploads/2015/07/Millen-Stephen.pdf,2026-09-21,ACQUIRED,https://www.fmcs.gov/millen/millen-stephen/millen/millen-stephen/,GOVERNMENT_BULK/FMCS/c87af8340296__Millen-Stephen.pdf,c87af834029622465050ecbea414b83d8e7d75c05abfb3dfb7ea9b08978dcc46,274250,application/pdf,200,FMCS
USGOV-7DA2B3102902CFE1,NYSNA_-_NYC_Hospitals_-_6-18-2015,https://www.fmcs.gov/wp-content/uploads/2015/07/NYSNA_-_NYC_Hospitals_-_6-18-2015.pdf,2026-09-21,ACQUIRED,https://www.fmcs.gov/nysna_-_nyc_hospitals_-_6-18-2015/,GOVERNMENT_BULK/FMCS/dd80b7a7e7b4__NYSNA_-_NYC_Hospitals_-_6-18-2015.pdf,dd80b7a7e7b4ef057bb96a971cf5553668c853841087f33b2afe988426588e02,137763,application/pdf,200,FMCS
USGOV-96B119617DB795B5,RI_Pension_Settlement_Implementation_2015_final,https://www.fmcs.gov/wp-content/uploads/2015/07/RI_Pension_Settlement_Implementation_2015_final.pdf,2026-09-21,ACQUIRED,https://www.fmcs.gov/ri_pension_settlement_implementation_2015_final/,GOVERNMENT_BULK/FMCS/65fe86f69087__RI_Pension_Settlement_Implementation_2015_final.pdf,65fe86f69087b348e7fc071f0ef5a1ef3cf8bb602b0c5d578bf415c6feb9a2fe,97841,application/pdf,200,FMCS
USGOV-0DF270C37BAFA755,The FMCS Institute,https://www.fmcs.gov/wp-content/uploads/2015/07/insert_Institute.pdf,2026-09-21,ACQUIRED,https://www.fmcs.gov/resources/documents-and-data/insert_institute/,GOVERNMENT_BULK/FMCS/fe24484bd2a0__insert_Institute.pdf,fe24484bd2a0888fabab1200d9f428a6b35dd747bff2044ac580d4ff638f6d59,42248,application/pdf,200,FMCS
USGOV-7E7B197943986E65,Chicago symhony orchestra – musicians  9-28-2015,https://www.fmcs.gov/wp-content/uploads/2015/09/Chicago-symhony-orchestra-musicians-9-28-2015.pdf,2026-09-21,ACQUIRED,https://www.fmcs.gov/chicago-symhony-orchestra-musicians-9-28-2015/,GOVERNMENT_BULK/FMCS/177d624e68d8__Chicago-symhony-orchestra-musicians-9-28-2015.pdf,177d624e68d85e9fd75ef38d659d06a9503d9b24c1128390c76dbf765f75b172,135696,application/pdf,200,FMCS
USGOV-1C191A3028606775,FMCS Arbitraje Info,https://www.fmcs.gov/wp-content/uploads/2015/09/FMCS-Arbitraje-Info.pdf,2026-09-21,ACQUIRED,https://www.fmcs.gov/resources/documents-and-data/fmcs-arbitraje-info/,GOVERNMENT_BULK/FMCS/8bd52379c4a1__FMCS-Arbitraje-Info.pdf,8bd52379c4a1d54eb3b4a8bd67be619b5e129c211145e62abb34d17f9e045794,56077,application/pdf,200,FMCS
USGOV-A73D1B886FEEBB21,FMCS Instituto Info,https://www.fmcs.gov/wp-content/uploads/2015/09/FMCS-Instituto-Info.pdf,2026-09-21,ACQUIRED,https://www.fmcs.gov/resources/documents-and-data/fmcs-instituto-info/,GOVERNMENT_BULK/FMCS/798b6351a43d__FMCS-Instituto-Info.pdf,798b6351a43dbf0ad2e38e9e2f3e54d88f508b467d5ce8a2d507d4c44b4618aa,48157,application/pdf,200,FMCS
USGOV-A3FF9CAF6C258F25,FMCS La Mediación de Querellas 8-pg,https://www.fmcs.gov/wp-content/uploads/2015/09/FMCS-La-Mediación-de-Querellas-8-pg.pdf,2026-09-21,FAILED,https://www.fmcs.gov/resources/documents-and-data/fmcs-la-mediacion-de-querellas-8-pg/,,,,,,FMCS
USGOV-852390C8C99D14D1,FMCS Mediación Laboral Info,https://www.fmcs.gov/wp-content/uploads/2015/09/FMCS-Mediación-Laboral-Info.pdf,2026-09-21,FAILED,https://www.fmcs.gov/resources/documents-and-data/fmcs-mediacion-laboral-info/,,,,,,FMCS
USGOV-DBBE0AA5B4410AF9,FMCS Mediación Negociación Colectiva Info,https://www.fmcs.gov/wp-content/uploads/2015/09/FMCS-Mediación-Negociación-Colectiva-Info.pdf,2026-09-21,FAILED,https://www.fmcs.gov/resources/documents-and-data/fmcs-mediacion-negociacion-colectiva-info/,,,,,,FMCS
USGOV-CCCC791DB98EBFCF,FMCS Mediación de Querellas Info,https://www.fmcs.gov/wp-content/uploads/2015/09/FMCS-Mediación-de-Querellas-Info.pdf,2026-09-21,FAILED,https://www.fmcs.gov/resources/documents-and-data/fmcs-mediacion-de-querellas-info/,,,,,,FMCS
USGOV-8F80DE23D4B813C9,FMCS Planificacion Progreso 20-pg,https://www.fmcs.gov/wp-content/uploads/2015/09/FMCS-Planificacion-Progreso-20-pg.pdf,2026-09-21,ACQUIRED,https://www.fmcs.gov/resources/documents-and-data/fmcs-planificacion-progreso-20-pg/,GOVERNMENT_BULK/FMCS/75fffb094d2f__FMCS-Planificacion-Progreso-20-pg.pdf,75fffb094d2f28da7ed6e9f2c55ac389622c7a2ae0691c3b3bd603dde19a24eb,247881,application/pdf,200,FMCS
USGOV-1A14454741C1FD35,FMCS Programa Donaciones Info,https://www.fmcs.gov/wp-content/uploads/2015/09/FMCS-Programa-Donaciones-Info.pdf,2026-09-21,ACQUIRED,https://www.fmcs.gov/resources/documents-and-data/fmcs-programa-donaciones-info/,GOVERNMENT_BULK/FMCS/706d88a82170__FMCS-Programa-Donaciones-Info.pdf,706d88a82170d2730a2d6189588d4a74f6dc3c9c31f5dc6ab4ff3a0337e0e812,50376,application/pdf,200,FMCS
USGOV-4401ADAD33D8203D,FMCS Programas Internacionales Info,https://www.fmcs.gov/wp-content/uploads/2015/09/FMCS-Programas-Internacionales-Info.pdf,2026-09-21,ACQUIRED,https://www.fmcs.gov/resources/documents-and-data/fmcs-programas-internacionales-info/,GOVERNMENT_BULK/FMCS/eefd35bc63bd__FMCS-Programas-Internacionales-Info.pdf,eefd35bc63bde8497f19ab9becb0c973cd9f1cbc38aa9cb729506503c1ba1609,50151,application/pdf,200,FMCS
USGOV-4DEDC3BECE29968D,FMCS Servicios ADR al Gobierno Info,https://www.fmcs.gov/wp-content/uploads/2015/09/FMCS-Servicios-ADR-al-Gobierno-Info.pdf,2026-09-21,ACQUIRED,https://www.fmcs.gov/resources/documents-and-data/fmcs-servicios-adr-al-gobierno-info/,GOVERNMENT_BULK/FMCS/c33ca1b69577__FMCS-Servicios-ADR-al-Gobierno-Info.pdf,c33ca1b69577c2de21d1a7b08d0f54bea79d55023eec19fb4d97056bc46d97a7,59153,application/pdf,200,FMCS
USGOV-32CBC95190917C1E,Pantex CRS-Metal Trades Council 9-25-2015 Final,https://www.fmcs.gov/wp-content/uploads/2015/09/Pantex-CRS-Metal-Trades-Council-9-25-2015-Final.pdf,2026-09-21,ACQUIRED,https://www.fmcs.gov/pantex-crs-metal-trades-council-9-25-2015-final/,GOVERNMENT_BULK/FMCS/4ae89c00383e__Pantex-CRS-Metal-Trades-Council-9-25-2015-Final.pdf,4ae89c00383e07d17370e4be21ffb64de10d3a21481fd8c18dc86b2616927aee,98615,application/pdf,200,FMCS
USGOV-D2EF4DC7081AE359,Pantex-Metal Trades Council 9-16-2015,https://www.fmcs.gov/wp-content/uploads/2015/09/Pantex-Metal-Trades-Council-9-16-2015.pdf,2026-09-21,ACQUIRED,https://www.fmcs.gov/pantex-metal-trades-council-9-16-2015/,GOVERNMENT_BULK/FMCS/899f384ce4ce__Pantex-Metal-Trades-Council-9-16-2015.pdf,899f384ce4ce681b8b5f3d17d6258217c2f95ab139954eecd62314d6e7c2f31c,138480,application/pdf,200,FMCS
USGOV-AEC19CE1BB92D38E,Pantex CRS-Metal Trades Council 10-3-2015,https://www.fmcs.gov/wp-content/uploads/2015/10/Pantex-CRS-Metal-Trades-Council-10-3-2015.pdf,2026-09-21,ACQUIRED,https://www.fmcs.gov/pantex-crs-metal-trades-council-10-3-2015/,GOVERNMENT_BULK/FMCS/5a7abc07c902__Pantex-CRS-Metal-Trades-Council-10-3-2015.pdf,5a7abc07c902646004fa73d63878a338ae298e79591f82c6d2de317ef34d42f8,97491,application/pdf,200,FMCS
USGOV-CF8385DB1AA69278,11-23-2015 Addison Northeast schools,https://www.fmcs.gov/wp-content/uploads/2015/11/11-23-2015-Addison-Northeast-schools.pdf,2026-09-21,ACQUIRED,https://www.fmcs.gov/11-23-2015-addison-northeast-schools/,GOVERNMENT_BULK/FMCS/23ca66e5f695__11-23-2015-Addison-Northeast-schools.pdf,23ca66e5f6957caae9cb5da7d277f3c2daf52300fa0d5601a92a2e9a3cf7d57c,146052,application/pdf,200,FMCS
USGOV-525A88BCD96B3D77,Engaging Federal Workers Design Workshops 1-29-2016,https://www.fmcs.gov/wp-content/uploads/2016/01/Engaging-Federal-Workers-Design-Workshops-1-29-2016.pdf,2026-09-21,ACQUIRED,https://www.fmcs.gov/engaging-federal-workers-design-workshops-1-29-2016/,GOVERNMENT_BULK/FMCS/321ac0ca00f5__Engaging-Federal-Workers-Design-Workshops-1-29-2016.pdf,321ac0ca00f59b9b2b82bb5502b8175cc3e80efb49d943a2cddeb84c018d0b1c,435621,application/pdf,200,FMCS
USGOV-248ED2BF479AE67F,St. Cloud VA Hospital-AFGE 1-18-2016,https://www.fmcs.gov/wp-content/uploads/2016/01/St.-Cloud-VA-Hospital-AFGE-1-18-2016.pdf,2026-09-21,ACQUIRED,https://www.fmcs.gov/st-cloud-va-hospital-afge-1-18-2016/,GOVERNMENT_BULK/FMCS/36b136d921a8__St.-Cloud-VA-Hospital-AFGE-1-18-2016.pdf,36b136d921a81520540e9ab4ade383e53de31ae0565210a8bad65802795e09ce,199651,application/pdf,200,FMCS
USGOV-612F53AC62EDF82C,Alternative Dispute Resolution (ADR) Services Brochure,https://www.fmcs.gov/wp-content/uploads/2016/02/Alternative_Dispute_Resolution_ADR_Services_Brochure.pdf,2026-09-21,ACQUIRED,https://www.fmcs.gov/resources/documents-and-data/alternative_dispute_resolution_adr_services_brochure/,GOVERNMENT_BULK/FMCS/8eab273d7454__Alternative_Dispute_Resolution_ADR_Services_Brochure.pdf,8eab273d7454a1838826d6846b01ba25638973a6f5f6d3fd9c70baaeac8d9d80,190157,application/pdf,200,FMCS
USGOV-64932A03DBAFCB81,Arbitration,https://www.fmcs.gov/wp-content/uploads/2016/02/Arbitration.pdf,2026-09-21,ACQUIRED,https://www.fmcs.gov/resources/documents-and-data/arbitration-2/,GOVERNMENT_BULK/FMCS/0f463c30dd2d__Arbitration.pdf,0f463c30dd2d94779339e57102ca3fe986d042fe6379b3a89e2e6d57ad5ae242,512063,application/pdf,200,FMCS
USGOV-4A60D7EF61DE5459,Collective Bargaining Mediation,https://www.fmcs.gov/wp-content/uploads/2016/02/Collective_Bargaining_Mediation.pdf,2026-09-21,ACQUIRED,https://www.fmcs.gov/resources/documents-and-data/collective_bargaining_mediation/,GOVERNMENT_BULK/FMCS/262f6132120d__Collective_Bargaining_Mediation.pdf,262f6132120d912bae9d5c7076cbe47650747e8cdbf4d483d193ff1951d62d40,514816,application/pdf,200,FMCS
USGOV-018380A39C1E57AD,Collective Bargaining Skills for Teams,https://www.fmcs.gov/wp-content/uploads/2016/02/Collective_Bargaining_Skills_for_Teams.pdf,2026-09-21,ACQUIRED,https://www.fmcs.gov/resources/documents-and-data/collective_bargaining_skills_for_teams/,GOVERNMENT_BULK/FMCS/3bf03faa52ff__Collective_Bargaining_Skills_for_Teams.pdf,3bf03faa52ff32e66adec2ea8760a3b0bfe4dfd022181072e623f8ba1ce8a229,623472,application/pdf,200,FMCS
USGOV-135BDD5F9FDFBC9D,Conflict Resolution & ADR Services for Government,https://www.fmcs.gov/wp-content/uploads/2016/02/Conflict_Resolution_and_ADR-Services-Govt.pdf,2026-09-21,ACQUIRED,https://www.fmcs.gov/resources/documents-and-data/conflict_resolution_and_adr-services-govt/,GOVERNMENT_BULK/FMCS/0678b1499438__Conflict_Resolution_and_ADR-Services-Govt.pdf,0678b14994383bceaf3c8fd6ddcbb91e7b6b8f76d6eb8a0168d1efdc87bbd5b8,520154,application/pdf,200,FMCS
USGOV-521249520EDAD8F9,Employment Mediation,https://www.fmcs.gov/wp-content/uploads/2016/02/Employment_Mediation.pdf,2026-09-21,ACQUIRED,https://www.fmcs.gov/resources/documents-and-data/employment_mediation/,GOVERNMENT_BULK/FMCS/4bb44befd83b__Employment_Mediation.pdf,4bb44befd83b0e4995c71cd44043d6082433cadcaaf6f5e932d082b8791bd3b0,621107,application/pdf,200,FMCS
USGOV-11F234E80B6D2685,FMCS Labor-Management Cooperation Grants,https://www.fmcs.gov/wp-content/uploads/2016/02/FMCS_Grants.pdf,2026-09-21,ACQUIRED,https://www.fmcs.gov/resources/documents-and-data/fmcs_grants/,GOVERNMENT_BULK/FMCS/46ef969f91ea__FMCS_Grants.pdf,46ef969f91ea145cdf8b703478507cc7a8df2779e953b7ab565c2781764ed1cf,514334,application/pdf,200,FMCS
USGOV-593ECC0B457E4745,FMCS International Training,https://www.fmcs.gov/wp-content/uploads/2016/02/FMCS_International_Training.pdf,2026-09-21,ACQUIRED,https://www.fmcs.gov/resources/documents-and-data/fmcs_international_training/,GOVERNMENT_BULK/FMCS/e6bbe0af000d__FMCS_International_Training.pdf,e6bbe0af000db2af2b3b3d716ed1c99072df98347fb0d4f6d84f7db41fec711c,493534,application/pdf,200,FMCS
USGOV-2BF495449C337218,Grievance Mediation,https://www.fmcs.gov/wp-content/uploads/2016/02/Grievance_Mediation.pdf,2026-09-21,ACQUIRED,https://www.fmcs.gov/resources/documents-and-data/grievance_mediation/,GOVERNMENT_BULK/FMCS/3da10065b614__Grievance_Mediation.pdf,3da10065b6141fb1e85f16841b896b0e0e6cdd2238e7b961f4e8bcfb760b3247,492170,application/pdf,200,FMCS
USGOV-790D42D856FCAC21,Interest Based Bargaining,https://www.fmcs.gov/wp-content/uploads/2016/02/Interest_Based_Bargaining.pdf,2026-09-21,ACQUIRED,https://www.fmcs.gov/resources/documents-and-data/interest_based_bargaining/,GOVERNMENT_BULK/FMCS/4ebbd2aad29c__Interest_Based_Bargaining.pdf,4ebbd2aad29c617d69d085ae0830f899fe0da2dffa8d979bb7285faaa8bbec0c,605227,application/pdf,200,FMCS
USGOV-9D7035489AF88F5A,Negotiated Rulemaking,https://www.fmcs.gov/wp-content/uploads/2016/02/Negotiated_Rulemaking.pdf,2026-09-21,ACQUIRED,https://www.fmcs.gov/resources/documents-and-data/negotiated_rulemaking/,GOVERNMENT_BULK/FMCS/89bf067d02a3__Negotiated_Rulemaking.pdf,89bf067d02a36eb9ce1f509a1eeb24a4361b488bed18ed34d759c2c92e52e016,520352,application/pdf,200,FMCS
USGOV-F2D65C04CC297F96,Relationship Development and Training,https://www.fmcs.gov/wp-content/uploads/2016/02/Relationship-Development-and-Training.pdf,2026-09-21,ACQUIRED,https://www.fmcs.gov/resources/documents-and-data/relationship-development-and-training/,GOVERNMENT_BULK/FMCS/e10b7bc531e0__Relationship-Development-and-Training.pdf,e10b7bc531e0c3e95a8007c392af083b27c2ca0186a15cd3954eefbf169536de,514857,application/pdf,200,FMCS
USGOV-F1D4D624CBEC0B5C,Relationships By Objectives,https://www.fmcs.gov/wp-content/uploads/2016/02/Relationships-By-Objectives.pdf,2026-09-21,ACQUIRED,https://www.fmcs.gov/resources/documents-and-data/relationships-by-objectives/,GOVERNMENT_BULK/FMCS/55ff9346474f__Relationships-By-Objectives.pdf,55ff9346474fb1f82c1b8628ebaeb825d8c7f4f2ed4714384abc38328a39c033,617036,application/pdf,200,FMCS
USGOV-48AF551A27A53695,The Affinity Model of Bargaining,https://www.fmcs.gov/wp-content/uploads/2016/02/The-Affinity-Model-of-Bargaining.pdf,2026-09-21,ACQUIRED,https://www.fmcs.gov/resources/documents-and-data/the-affinity-model-of-bargaining/,GOVERNMENT_BULK/FMCS/46997b95a20a__The-Affinity-Model-of-Bargaining.pdf,46997b95a20adc33e30c8807927c049cd0e5bdb1cfafb53c2a5584db854e8b69,563232,application/pdf,200,FMCS
USGOV-6C55552CF736CFF3,Young Worker Initiatives at FMCS,https://www.fmcs.gov/wp-content/uploads/2016/02/Young-Worker-Initiatives-at-FMCS.pdf,2026-09-21,ACQUIRED,https://www.fmcs.gov/resources/documents-and-data/young-worker-initiatives-at-fmcs/,GOVERNMENT_BULK/FMCS/0ec4e3e54de3__Young-Worker-Initiatives-at-FMCS.pdf,0ec4e3e54de3063cb5f1e9436af0310c2f146b21dcb5539593bc4c1f63607bdd,170723,application/pdf,200,FMCS
USGOV-5551F913C131F35D,FMCS InstituteV2,https://www.fmcs.gov/wp-content/uploads/2016/03/FMCS-InstituteV2.pdf,2026-09-21,ACQUIRED,https://www.fmcs.gov/fmcs-institutev2/,GOVERNMENT_BULK/FMCS/582e6f13d25a__FMCS-InstituteV2.pdf,582e6f13d25ae469254b14277a4eb62f8a4b5da878ac1cf6965994ba5580cb9b,698206,application/pdf,200,FMCS
USGOV-AF349CAAE5D4B6AF,AnnualReport914_final,https://www.fmcs.gov/wp-content/uploads/2016/09/AnnualReport914_final-2.pdf,2026-09-21,ACQUIRED,https://www.fmcs.gov/annualreport914_final-3/,GOVERNMENT_BULK/FMCS/67b4513546c5__AnnualReport914_final-2.pdf,67b4513546c56745edfc32d8439340e75b9df0498747cb0c68f0bc10b6dfe534,1393997,application/pdf,200,FMCS
USGOV-05BE2FBFDBCBBC36,ADR-Services-Brochure-2021,https://www.fmcs.gov/wp-content/uploads/2016/10/ADR-Services-Brochure-2021.pdf,2026-09-21,ACQUIRED,https://www.fmcs.gov/adr-services-brochure-2021/,GOVERNMENT_BULK/FMCS/905c8e567f40__ADR-Services-Brochure-2021.pdf,905c8e567f40851180338e3c2162977705dd57de76e7ecf6fb4201d8e365afc6,203381,application/pdf,200,FMCS
USGOV-DC052401E860454A,affinity-economic-bargaining-v2,https://www.fmcs.gov/wp-content/uploads/2016/10/Affinity-Economic-Bargaining-v2.pdf,2026-09-21,ACQUIRED,https://www.fmcs.gov/affinity-economic-bargaining-v2/,GOVERNMENT_BULK/FMCS/71673b6bcc69__Affinity-Economic-Bargaining-v2.pdf,71673b6bcc693b95ad8e03252acfb1893937c920fa7dfeba4b4bb2731aee309a,563834,application/pdf,200,FMCS
USGOV-1132222812872195,arbitration-v2-july-2016,https://www.fmcs.gov/wp-content/uploads/2016/10/Arbitration-V2-July-2016.pdf,2026-09-21,ACQUIRED,https://www.fmcs.gov/arbitration-v2-july-2016/,GOVERNMENT_BULK/FMCS/1fbd2295bc4a__Arbitration-V2-July-2016.pdf,1fbd2295bc4aedb4cbcb76a96e504091cc2f689ba90d0d23efed52df12fd6692,512713,application/pdf,200,FMCS
USGOV-DA96F7C81757CA70,collective-bargaining-mediation,https://www.fmcs.gov/wp-content/uploads/2016/10/Collective-Bargaining-Mediation.pdf,2026-09-21,ACQUIRED,https://www.fmcs.gov/collective-bargaining-mediation-2/,GOVERNMENT_BULK/FMCS/483e037ba9cb__Collective-Bargaining-Mediation.pdf,483e037ba9cb0ddfab4e1bf7540a7fcf974fcdf754e7918315c50fc277213afa,589413,application/pdf,200,FMCS
USGOV-C25D9B2DE1328258,collective-bargaining-skills-for-teams,https://www.fmcs.gov/wp-content/uploads/2016/10/Collective-Bargaining-Skills-for-Teams.pdf,2026-09-21,ACQUIRED,https://www.fmcs.gov/collective-bargaining-skills-for-teams/,GOVERNMENT_BULK/FMCS/c4eccb1ac6f6__Collective-Bargaining-Skills-for-Teams.pdf,c4eccb1ac6f6078e59a36ae18c7b018a75c590e535e0b49cdf3c2c241e437feb,563801,application/pdf,200,FMCS
USGOV-0356341EE3202767,conflict-resolution-adr-services-govt,https://www.fmcs.gov/wp-content/uploads/2016/10/Conflict-Resolution-ADR-Services-Govt.pdf,2026-09-21,ACQUIRED,https://www.fmcs.gov/conflict-resolution-adr-services-govt/,GOVERNMENT_BULK/FMCS/72f245fe71fb__Conflict-Resolution-ADR-Services-Govt.pdf,72f245fe71fb405ab75bfd88b54dec735a3c445e24ffcf47018ede4abf26a156,652376,application/pdf,200,FMCS
USGOV-3D1520243742A257,employment-mediation,https://www.fmcs.gov/wp-content/uploads/2016/10/Employment-Mediation.pdf,2026-09-21,ACQUIRED,https://www.fmcs.gov/employment-mediation/,GOVERNMENT_BULK/FMCS/01a6367bde2b__Employment-Mediation.pdf,01a6367bde2b98769e79d4d2b0706e073144e79564c2c603e5e4ee9d49f1b784,694459,application/pdf,200,FMCS
USGOV-C4F8B61A48C5D44B,fmcs-grants-v2,https://www.fmcs.gov/wp-content/uploads/2016/10/FMCS-Grants-V2.pdf,2026-09-21,ACQUIRED,https://www.fmcs.gov/fmcs-grants-v2-2/,GOVERNMENT_BULK/FMCS/cc8da8b57642__FMCS-Grants-V2.pdf,cc8da8b57642a72d9333b60e6ffdc89d29d237cc8a1506d0423dc13f2a1ff723,587936,application/pdf,200,FMCS
USGOV-8A82E81084AF5272,fmcs-institutev2,https://www.fmcs.gov/wp-content/uploads/2016/10/FMCS-InstituteV2.pdf,2026-09-21,ACQUIRED,https://www.fmcs.gov/fmcs-institutev2-2/,GOVERNMENT_BULK/FMCS/5492901685ce__FMCS-InstituteV2.pdf,5492901685ce0647673851f22f8d3d8871adc12d9255244b77f10d3c97b11f47,771555,application/pdf,200,FMCS
USGOV-BC0DA53106985840,fmcs-international-training,https://www.fmcs.gov/wp-content/uploads/2016/10/FMCS-International-Training.pdf,2026-09-21,ACQUIRED,https://www.fmcs.gov/fmcs-international-training/,GOVERNMENT_BULK/FMCS/1beb909a4940__FMCS-International-Training.pdf,1beb909a494020504d8e4f64592e0ea22e15cc98fdeba3802b5502bfc73ebeef,567071,application/pdf,200,FMCS
USGOV-0B72EE37655B846F,fmcs_lmc_planning_for_progess,https://www.fmcs.gov/wp-content/uploads/2016/10/FMCS_LMC_Planning_for_Progess.pdf,2026-09-21,ACQUIRED,https://www.fmcs.gov/fmcs_lmc_planning_for_progess-3/,GOVERNMENT_BULK/FMCS/6227d511ad9b__FMCS_LMC_Planning_for_Progess.pdf,6227d511ad9b159078df315684434e1e706345e06bc9dd50a1b68a67967eef6a,337033,application/pdf,200,FMCS
USGOV-AC4B2F052CA34181,grievance-mediation,https://www.fmcs.gov/wp-content/uploads/2016/10/Grievance-Mediation-1.pdf,2026-09-21,ACQUIRED,https://www.fmcs.gov/grievance-mediation-4/,GOVERNMENT_BULK/FMCS/0dbd6c403ab1__Grievance-Mediation-1.pdf,0dbd6c403ab13d92c567d26b45f92406a461df58c74617ae076b55641b3633cd,565769,application/pdf,200,FMCS
USGOV-5EED025C56F4CE25,grievance-mediation,https://www.fmcs.gov/wp-content/uploads/2016/10/Grievance-Mediation.pdf,2026-09-21,DUPLICATE,https://www.fmcs.gov/grievance-mediation-3/,GOVERNMENT_BULK/FMCS/0dbd6c403ab1__Grievance-Mediation.pdf,0dbd6c403ab13d92c567d26b45f92406a461df58c74617ae076b55641b3633cd,565769,application/pdf,200,FMCS
USGOV-2838ACFAA278021F,interest-based-bargaining,https://www.fmcs.gov/wp-content/uploads/2016/10/Interest-Based-Bargaining.pdf,2026-09-21,ACQUIRED,https://www.fmcs.gov/interest-based-bargaining/,GOVERNMENT_BULK/FMCS/e8cc3efa3000__Interest-Based-Bargaining.pdf,e8cc3efa3000f8c5a94d2d7808cfd0ebb50378fcda91ea9c3e2f970735435d2c,687459,application/pdf,200,FMCS
USGOV-89ECE6B268FAD789,regneg,https://www.fmcs.gov/wp-content/uploads/2016/10/RegNeg.pdf,2026-09-21,ACQUIRED,https://www.fmcs.gov/regneg/,GOVERNMENT_BULK/FMCS/9fdcafdf22f1__RegNeg.pdf,9fdcafdf22f17686ff7809a2d87df531f79805ae4b8348f77a1a17b506858877,597715,application/pdf,200,FMCS
USGOV-376DD70367EDBC16,relationship-dev-and-training,https://www.fmcs.gov/wp-content/uploads/2016/10/Relationship-Dev-and-Training.pdf,2026-09-21,ACQUIRED,https://www.fmcs.gov/relationship-dev-and-training/,GOVERNMENT_BULK/FMCS/bc1416919234__Relationship-Dev-and-Training.pdf,bc1416919234fecb534a008328776f52fe6ce718e733655d864c5face17e652a,590796,application/pdf,200,FMCS
USGOV-7D424912D0EB20D7,relationships-by-objectives,https://www.fmcs.gov/wp-content/uploads/2016/10/Relationships-By-Objectives.pdf,2026-09-21,ACQUIRED,https://www.fmcs.gov/relationships-by-objectives-2/,GOVERNMENT_BULK/FMCS/26c08ac0e47e__Relationships-By-Objectives.pdf,26c08ac0e47efb695fe048956c7623b568e6c5afb4ab5d8612c87a0102e2b742,693864,application/pdf,200,FMCS
USGOV-1E1E816B5595CF48,young-worker-initiatives-at-fmcs,https://www.fmcs.gov/wp-content/uploads/2016/10/Young-Worker-Initiatives-at-FMCS.pdf,2026-09-21,ACQUIRED,https://www.fmcs.gov/young-worker-initiatives-at-fmcs-2/,GOVERNMENT_BULK/FMCS/8ee19786a957__Young-Worker-Initiatives-at-FMCS.pdf,8ee19786a95746e3f8de384f2554e51420eba77b56b1b6b67faf9a07b8a0a661,383922,application/pdf,200,FMCS
USGOV-F9C9845648EAA203,FMCS InstituteV3,https://www.fmcs.gov/wp-content/uploads/2017/03/FMCS-InstituteV3.pdf,2026-09-21,ACQUIRED,https://www.fmcs.gov/fmcs-institutev3/,GOVERNMENT_BULK/FMCS/2b5b663a9418__FMCS-InstituteV3.pdf,2b5b663a941818e3a2026e096a49e8e15287e88db0f3410a27d4569b660853db,725380,application/pdf,200,FMCS
USGOV-D994892DBBCBCF57,2018_FMCS_Budget_Congressional FINAL,https://www.fmcs.gov/wp-content/uploads/2017/05/2018_FMCS_Budget_Congressional-FINAL.pdf,2026-09-21,ACQUIRED,https://www.fmcs.gov/2018_fmcs_budget_congressional-final/,GOVERNMENT_BULK/FMCS/95a7a4940fd2__2018_FMCS_Budget_Congressional-FINAL.pdf,95a7a4940fd2a110b7dfd2362dc7db456c2a63cd67d4f21d32a258ce265d4a0c,1005290,application/pdf,200,FMCS
USGOV-96D8BEF9383E100E,Acting Director’s EEO Statement,https://www.fmcs.gov/wp-content/uploads/2017/05/Acting-Directors-EEO-Statement.pdf,2026-09-21,ACQUIRED,https://www.fmcs.gov/acting-directors-eeo-statement/,GOVERNMENT_BULK/FMCS/992299d011d3__Acting-Directors-EEO-Statement.pdf,992299d011d310c4dd2ad4198928ffdeb5a2a528ac596c225e02cc901e9a6c96,221515,application/pdf,200,FMCS
USGOV-0F7D280C83086CE6,Acting-Directors-EEO-Statement,https://www.fmcs.gov/wp-content/uploads/2017/06/Acting-Directors-EEO-Statement.pdf,2026-09-21,ACQUIRED,https://www.fmcs.gov/acting-directors-eeo-statement-2/,GOVERNMENT_BULK/FMCS/24267974c810__Acting-Directors-EEO-Statement.pdf,24267974c810d32fec38340aac7f9edbd52429f07e2b63d255e5b69cfa0eb0b9,262872,application/pdf,200,FMCS
USGOV-0ECE3F2BD628E943,Arbitrators_Guide,https://www.fmcs.gov/wp-content/uploads/2017/06/Arbitrators_Guide.pdf,2026-09-21,ACQUIRED,https://www.fmcs.gov/arbitrators_guide/,GOVERNMENT_BULK/FMCS/f7cfe29d7e2b__Arbitrators_Guide.pdf,f7cfe29d7e2b72d56be4ae23b498aec152144df7683a165fcd606ae8e221b7c3,1058215,application/pdf,200,FMCS
USGOV-A7024D5D1884CC8C,Requestor_Users_Guide,https://www.fmcs.gov/wp-content/uploads/2017/06/Requestor_Users_Guide.pdf,2026-09-21,ACQUIRED,https://www.fmcs.gov/requestor_users_guide/,GOVERNMENT_BULK/FMCS/660a9eb355b5__Requestor_Users_Guide.pdf,660a9eb355b5f5eb004bdfd11237c087cb8e8af950f8d7bec9c37d2bbfa869e5,1337806,application/pdf,200,FMCS
USGOV-E189631359681427,FMCS 70th Anniversary Schedule of Events,https://www.fmcs.gov/wp-content/uploads/2017/08/FMCS-70th-Anniversary-Schedule-of-Events.pdf,2026-09-21,ACQUIRED,https://www.fmcs.gov/fmcs-70th-anniversary-schedule-of-events/,GOVERNMENT_BULK/FMCS/887b79a201cc__FMCS-70th-Anniversary-Schedule-of-Events.pdf,887b79a201cc9644c60e8ec8c75593ab8688b2443d3a31efba82ad0cd8a8fe58,12819,application/pdf,200,FMCS
USGOV-18DF381623D7FEA8,18-15827-BROUCHURE w-bug,https://www.fmcs.gov/wp-content/uploads/2018/01/18-15827-BROUCHURE-w-bug.pdf,2026-09-21,ACQUIRED,https://www.fmcs.gov/18-15827-brouchure-w-bug/,GOVERNMENT_BULK/FMCS/b11302fe8de6__18-15827-BROUCHURE-w-bug.pdf,b11302fe8de648b5d5f4b4229c7003b36a1f339ea609bd383ba4131846154326,176031,application/pdf,200,FMCS
USGOV-8C41A60DD0C201F2,FMCS_role_and_function_2017,https://www.fmcs.gov/wp-content/uploads/2018/01/FMCS_role_and_function_2017-1.pdf,2026-09-21,FAILED,https://www.fmcs.gov/fmcs_role_and_function_2017-3/,,,,,,FMCS
USGOV-B73A8FBF03259ECC,2018 FMCS Strategic Plan,https://www.fmcs.gov/wp-content/uploads/2018/02/2018-FMCS-Strategic-Plan.pdf,2026-09-21,ACQUIRED,https://www.fmcs.gov/2018-fmcs-strategic-plan/,GOVERNMENT_BULK/FMCS/1e2d0e616e3f__2018-FMCS-Strategic-Plan.pdf,1e2d0e616e3f74aadd1dc179137d4ecd4fc9063baf9d5abdb3fef6dfc36fa17e,234105,application/pdf,200,FMCS
USGOV-D2CA0253E118F975,2019_Budget_Congressional,https://www.fmcs.gov/wp-content/uploads/2018/02/2019_Budget_Congressional.pdf,2026-09-21,ACQUIRED,https://www.fmcs.gov/2019_budget_congressional/,GOVERNMENT_BULK/FMCS/39f502c79225__2019_Budget_Congressional.pdf,39f502c7922590287cd6204e2ac3968f18baf96f6a029f03d09b7f6afa6bbc34,450836,application/pdf,200,FMCS
USGOV-A4D397258874D9FC,AnnualReport2017,https://www.fmcs.gov/wp-content/uploads/2018/04/AnnualReport2017.pdf,2026-09-21,FAILED,https://www.fmcs.gov/annualreport2017/,,,,,,FMCS
USGOV-E11245ED7ECB7480,Brochure 2 Email for Distribution,https://www.fmcs.gov/wp-content/uploads/2018/04/Brochure-2-Email-for-Distribution.pdf,2026-09-21,ACQUIRED,https://www.fmcs.gov/brochure-2-email-for-distribution/,GOVERNMENT_BULK/FMCS/2675a5581492__Brochure-2-Email-for-Distribution.pdf,2675a55814927e740b2baf4e84ff34774201b59dcbc291df6c15107d86926652,238588,application/pdf,200,FMCS
USGOV-41C8288FE183A1C8,FMCS Grants,https://www.fmcs.gov/wp-content/uploads/2018/04/FMCS-Grants.pdf,2026-09-21,ACQUIRED,https://www.fmcs.gov/fmcs-grants/,GOVERNMENT_BULK/FMCS/3d9a8568351f__FMCS-Grants.pdf,3d9a8568351fd0b3c282e7effadfb20db1c830a93598c83805c1e03064ec019f,588628,application/pdf,200,FMCS
USGOV-DC986870BBD2093B,Program-Information-Arbitrator-Advocate-Symposium,https://www.fmcs.gov/wp-content/uploads/2018/04/Program-Information-Arbitrator-Advocate-Symposium.pdf,2026-09-21,ACQUIRED,https://www.fmcs.gov/program-information-arbitrator-advocate-symposium/,GOVERNMENT_BULK/FMCS/19bcab792625__Program-Information-Arbitrator-Advocate-Symposium.pdf,19bcab792625532ff18651e34dab707005cde6b22210f13e19c31685b43d37b2,251193,application/pdf,200,FMCS
USGOV-5ECD3634B8301FE7,S CA Arb Conf Outline Brochure,https://www.fmcs.gov/wp-content/uploads/2018/04/S-CA-Arb-Conf-Outline-Brochure.pdf,2026-09-21,ACQUIRED,https://www.fmcs.gov/s-ca-arb-conf-outline-brochure/,GOVERNMENT_BULK/FMCS/ed0a3cfb8136__S-CA-Arb-Conf-Outline-Brochure.pdf,ed0a3cfb8136c84a3f0b792a29414d5d53af143014098bbaf756f08f227905cd,213470,application/pdf,200,FMCS
USGOV-8DBEECF99768AD05,Affinity Economic Bargaining v3,https://www.fmcs.gov/wp-content/uploads/2018/07/Affinity-Economic-Bargaining-v3.pdf,2026-09-21,ACQUIRED,https://www.fmcs.gov/affinity-economic-bargaining-v3/,GOVERNMENT_BULK/FMCS/a3ffab055161__Affinity-Economic-Bargaining-v3.pdf,a3ffab055161b7765fb6a51d44f86c2f52926008661bdbf835afa91098bdaed4,497213,application/pdf,200,FMCS
USGOV-B7281163351F46D9,Andrew Hasty,https://www.fmcs.gov/wp-content/uploads/2018/07/Andrew-Hasty.pdf,2026-09-21,ACQUIRED,https://www.fmcs.gov/hasty/andrew-hasty/hasty/andrew-hasty/,GOVERNMENT_BULK/FMCS/994e7d741f65__Andrew-Hasty.pdf,994e7d741f65227112e953e88bb02b75f9d4a6127bea1aeea838c7ea0d9b0246,74477,application/pdf,200,FMCS
USGOV-AC71DAE3BD61D1CF,Arbitration Version 3 June 2018,https://www.fmcs.gov/wp-content/uploads/2018/07/Arbitration-Version-3-June-2018.pdf,2026-09-21,ACQUIRED,https://www.fmcs.gov/arbitration-version-3-june-2018/,GOVERNMENT_BULK/FMCS/8e8fcc3f540a__Arbitration-Version-3-June-2018.pdf,8e8fcc3f540a7fa0734eb454f24b07778b2cae4982b45e794b975f9ce006d3ff,614544,application/pdf,200,FMCS
USGOV-F5D8A75F332D6799,FMCS Fast Facts 7.2018,https://www.fmcs.gov/wp-content/uploads/2018/07/FMCS-Fast-Facts-7.2018.pdf,2026-09-21,ACQUIRED,https://www.fmcs.gov/fmcs-fast-facts-7-2018/,GOVERNMENT_BULK/FMCS/2d36c7334fd8__FMCS-Fast-Facts-7.2018.pdf,2d36c7334fd8eec1f5bd5893d689590e42e7e6899eaf1460190ab2bfb56cff62,1180105,application/pdf,200,FMCS
USGOV-BCEFAAE11FB3420C,Filing an F-7 Online 7-2018,https://www.fmcs.gov/wp-content/uploads/2018/07/Filing-an-F-7-Online-7-2018.pdf,2026-09-21,ACQUIRED,https://www.fmcs.gov/filing-an-f-7-online-7-2018/,GOVERNMENT_BULK/FMCS/acf4d387aa96__Filing-an-F-7-Online-7-2018.pdf,acf4d387aa96b4da7a0798aef989a9efe3a3883c0f992b2e81c07494df81413b,719843,application/pdf,200,FMCS
USGOV-F55158263B5CE22C,2021 FMCS Lapse Plan,https://www.fmcs.gov/wp-content/uploads/2018/09/2021-FMCS-Lapse-Plan.pdf,2026-09-21,ACQUIRED,https://www.fmcs.gov/fmcs-contingency-plan-for-agency-operations-in-the-absence-of-appropriations/2021-fmcs-lapse-plan/,GOVERNMENT_BULK/FMCS/73c3aa29044f__2021-FMCS-Lapse-Plan.pdf,73c3aa29044f587ff29890be2bd6a7f5a818841979a65379ed6941b1b3828d08,298447,application/pdf,200,FMCS
USGOV-F2B33B6DE71EF7D7,2023 Lapse of Approps 20230731,https://www.fmcs.gov/wp-content/uploads/2018/09/2023-Lapse-of-Approps-20230731.pdf,2026-09-21,ACQUIRED,https://www.fmcs.gov/fmcs-contingency-plan-for-agency-operations-in-the-absence-of-appropriations/2023-lapse-of-approps-20230731/,GOVERNMENT_BULK/FMCS/e755f4bdffda__2023-Lapse-of-Approps-20230731.pdf,e755f4bdffdaf576ee9035dcbaae7407aa81fa37815497b309895c46508e984a,231866,application/pdf,200,FMCS
USGOV-461795C2257C54B1,2023 Lapse of Approps 20231113,https://www.fmcs.gov/wp-content/uploads/2018/09/2023-Lapse-of-Approps-20231113.pdf,2026-09-21,ACQUIRED,https://www.fmcs.gov/fmcs-contingency-plan-for-agency-operations-in-the-absence-of-appropriations/2023-lapse-of-approps-20231113/,GOVERNMENT_BULK/FMCS/936220637257__2023-Lapse-of-Approps-20231113.pdf,936220637257031651d8580e71b500ebeef97ff2f455fc0eb6dea7c4548c5837,329353,application/pdf,200,FMCS
USGOV-168C47AB803E2C37,2024 Lapse of Approps 20240912,https://www.fmcs.gov/wp-content/uploads/2018/09/2024-Lapse-of-Approps-20240912.pdf,2026-09-21,ACQUIRED,https://www.fmcs.gov/fmcs-contingency-plan-for-agency-operations-in-the-absence-of-appropriations/2024-lapse-of-approps-20240912/,GOVERNMENT_BULK/FMCS/9721cd8c43a1__2024-Lapse-of-Approps-20240912.pdf,9721cd8c43a147e927994852f56552b76c2cd763d85834bd292f08ea2745c3fd,254217,application/pdf,200,FMCS
USGOV-E39DB3F05C8B0999,FMCS 2020 Lapse Plan,https://www.fmcs.gov/wp-content/uploads/2018/09/FMCS-2020-Lapse-Plan.pdf,2026-09-21,ACQUIRED,https://www.fmcs.gov/fmcs-contingency-plan-for-agency-operations-in-the-absence-of-appropriations/fmcs-2020-lapse-plan/,GOVERNMENT_BULK/FMCS/6de3b442a480__FMCS-2020-Lapse-Plan.pdf,6de3b442a480059dbe0c899531a2e6eb1abda177463c3196306af4f500cb7761,100420,application/pdf,200,FMCS
USGOV-CDEA10E3F7DE9E69,FMCS Lapse of Appropriations Plan Dec 14 2020 final -signed,https://www.fmcs.gov/wp-content/uploads/2018/09/FMCS-Lapse-of-Appropriations-Plan-Dec-14-2020-final-signed.pdf,2026-09-21,ACQUIRED,https://www.fmcs.gov/fmcs-contingency-plan-for-agency-operations-in-the-absence-of-appropriations/fmcs-lapse-of-appropriations-plan-dec-14-2020-final-signed/,GOVERNMENT_BULK/FMCS/60c59780d044__FMCS-Lapse-of-Appropriations-Plan-Dec-14-2020-final-signed.pdf,60c59780d04464a9d9bd98274911551bad47ecffaef2c4de85bc25f05050bf67,249630,application/pdf,200,FMCS
USGOV-E102E7B02D9DDA2B,"FMCS Statement on Labor Negotiations Between the International Brotherhood of Electrical Workers (IBEW), The Communications Workers of America (CWA), And FairPoint Communications Inc.",https://www.fmcs.gov/wp-content/uploads/2018/11/01-05-2015-Fairpoint-IBEW-CWA.pdf,2026-09-21,ACQUIRED,https://www.fmcs.gov/resources/documents-and-data/01-05-2015-fairpoint-ibew-cwa/,GOVERNMENT_BULK/FMCS/390853c6f1ba__01-05-2015-Fairpoint-IBEW-CWA.pdf,390853c6f1bafb44455357c40a94171fa33a0ebb9296b96729ffb1104d02deb7,86563,application/pdf,200,FMCS
USGOV-DCC0315B458453A1,"FMCS Issues Joint Statement On Behalf of the International Brotherhood of Electrical Workers (IBEW), The Communications Workers of America (CWA), And FairPoint Communications, Inc.",https://www.fmcs.gov/wp-content/uploads/2018/11/01-23-2015-Fairpoint-IBEW-CWA.pdf,2026-09-21,ACQUIRED,https://www.fmcs.gov/resources/documents-and-data/01-23-2015-fairpoint-ibew-cwa/,GOVERNMENT_BULK/FMCS/6adc51513a32__01-23-2015-Fairpoint-IBEW-CWA.pdf,6adc51513a32165955ce60cc83cedbc4e70c82b0e691e1104e1c2afa02cfa11b,87699,application/pdf,200,FMCS
USGOV-E1B0CCA249CF79F5,"FMCS Statement on Tentative Agreements Between the International Brotherhood of Electrical Workers (IBEW), The Communications Workers of America (CWA), And FairPoint Communications, Inc.",https://www.fmcs.gov/wp-content/uploads/2018/11/02-19-2015-Fairpoint-IBEW-CWA.pdf,2026-09-21,ACQUIRED,https://www.fmcs.gov/resources/documents-and-data/02-19-2015-fairpoint-ibew-cwa/,GOVERNMENT_BULK/FMCS/1bb4a8e46e3d__02-19-2015-Fairpoint-IBEW-CWA.pdf,1bb4a8e46e3df3cc0fa939970c08333c56ab23f8668b38dc2d376f7807227e08,90392,application/pdf,200,FMCS
USGOV-630676C9299F0E2B,FMCS Training Helps Strengthen Addison Northeast (VT) Schools Labor-Management Relations and Cooperation,https://www.fmcs.gov/wp-content/uploads/2018/11/11-23-2015-Addison-Northeast-schools.pdf,2026-09-21,DUPLICATE,https://www.fmcs.gov/resources/documents-and-data/11-23-2015-addison-northeast-schools-2/,GOVERNMENT_BULK/FMCS/23ca66e5f695__11-23-2015-Addison-Northeast-schools.pdf,23ca66e5f6957caae9cb5da7d277f3c2daf52300fa0d5601a92a2e9a3cf7d57c,146052,application/pdf,200,FMCS
USGOV-B31F56A0AD2FD4CE,FMCS Labor-Management Grants Program Accepts Applications for FY 2015,https://www.fmcs.gov/wp-content/uploads/2018/11/2015-Grant-Announcement-Press-Release-March-3.pdf,2026-09-21,ACQUIRED,https://www.fmcs.gov/resources/documents-and-data/2015-grant-announcement-press-release-march-3/,GOVERNMENT_BULK/FMCS/d5e321bca52f__2015-Grant-Announcement-Press-Release-March-3.pdf,d5e321bca52fdd6e4ed8d856054771828984c5464701e7625f9b1a7619d2d871,128201,application/pdf,200,FMCS
USGOV-875BF24F32623D4B,FMCS Labor-Management Grants Program Accepts Applications for FY 2016,https://www.fmcs.gov/wp-content/uploads/2018/11/2016-Grants-Announcement-2-25-16.pdf,2026-09-21,ACQUIRED,https://www.fmcs.gov/resources/documents-and-data/2016-grants-announcement-2-25-16-2/,GOVERNMENT_BULK/FMCS/4d95fd6f76d7__2016-Grants-Announcement-2-25-16.pdf,4d95fd6f76d78363a8e4bbd848be532af88d616f7e1702019f512fa62942ceb9,210223,application/pdf,200,FMCS
USGOV-6CF4AE5900DB7300,2018 Grants Summaries,https://www.fmcs.gov/wp-content/uploads/2018/11/2018-Grants-Summaries-1.pdf,2026-09-21,ACQUIRED,https://www.fmcs.gov/resources/documents-and-data/2018-grants-summaries-2/,GOVERNMENT_BULK/FMCS/ed35ad4ee098__2018-Grants-Summaries-1.pdf,ed35ad4ee0986e73d6aff0dfc82f7e12e4b9adc3c399cdb738afbf480961fa5a,157586,application/pdf,200,FMCS
USGOV-0218FEFF1819BD82,2018 Grants Summaries,https://www.fmcs.gov/wp-content/uploads/2018/11/2018-Grants-Summaries.pdf,2026-09-21,DUPLICATE,https://www.fmcs.gov/2018-grants-summaries/,GOVERNMENT_BULK/FMCS/ed35ad4ee098__2018-Grants-Summaries.pdf,ed35ad4ee0986e73d6aff0dfc82f7e12e4b9adc3c399cdb738afbf480961fa5a,157586,application/pdf,200,FMCS
USGOV-82ABE5F1AB4EDF34,FMCS Statement on Tentative Agreement In Actors’ Equity and Off-Broadway League Contract Talks,https://www.fmcs.gov/wp-content/uploads/2018/11/Actors-Equity-Off-Brdwy-11-18-2016-final.pdf,2026-09-21,ACQUIRED,https://www.fmcs.gov/resources/documents-and-data/actors-equity-off-brdwy-11-18-2016-final/,GOVERNMENT_BULK/FMCS/b7585cf326f6__Actors-Equity-Off-Brdwy-11-18-2016-final.pdf,b7585cf326f65fdfc719a5ab165d312a71fcfc54a96467743751a5cd1300aae2,204080,application/pdf,200,FMCS
USGOV-448361443F90D5F0,FMCS Statement on Tentative Settlement Between International Association of Machinists Local 219 And AllSource Global Management,https://www.fmcs.gov/wp-content/uploads/2018/11/AllSource-IAM-Release-3-2-2015.pdf,2026-09-21,ACQUIRED,https://www.fmcs.gov/resources/documents-and-data/allsource-iam-release-3-2-2015/,GOVERNMENT_BULK/FMCS/a5baf1a61241__AllSource-IAM-Release-3-2-2015.pdf,a5baf1a612417f9cb866f459adfdfa1b660c1071ab63be026d7a6f1a7710d43d,122141,application/pdf,200,FMCS
USGOV-2D710B45CD1B83E6,FMCS Honors Labor-Management Cooperation With 2016 Director’s Award for Excellence To American Water and the Utility Workers Union of America,https://www.fmcs.gov/wp-content/uploads/2018/11/American-Water-Award-12-7-16.pdf,2026-09-21,ACQUIRED,https://www.fmcs.gov/resources/documents-and-data/american-water-award-12-7-16/,GOVERNMENT_BULK/FMCS/628fe120b43a__American-Water-Award-12-7-16.pdf,628fe120b43a7baa7f8b52128907adb3b80f107b0e80ca0d61c035e1ef1ee0f9,217618,application/pdf,200,FMCS
USGOV-2CB6C7A7F8ADD0B5,FMCS Statement on Labor Negotiations Between the Atlanta Symphony Orchestra Musicians and Management,https://www.fmcs.gov/wp-content/uploads/2018/11/Atlanta-Symphony-10-3-2014.pdf,2026-09-21,ACQUIRED,https://www.fmcs.gov/resources/documents-and-data/atlanta-symphony-10-3-2014/,GOVERNMENT_BULK/FMCS/8b5cf32c7d48__Atlanta-Symphony-10-3-2014.pdf,8b5cf32c7d48cb522674c069ac9a6ed5477d9d4d8235fe7cc1cac737c7d0cece,120868,application/pdf,200,FMCS
USGOV-BB7A8952ED7A49C3,FMCS Statement on Tentative Agreement Between the Atlanta Symphony Orchestra Musicians and Management,https://www.fmcs.gov/wp-content/uploads/2018/11/Atlanta-Symphony-11-7-2014.pdf,2026-09-21,ACQUIRED,https://www.fmcs.gov/resources/documents-and-data/atlanta-symphony-11-7-2014/,GOVERNMENT_BULK/FMCS/72c6a6d8f762__Atlanta-Symphony-11-7-2014.pdf,72c6a6d8f762fe08ab17ca26a58e11529c9a09e0883d53a64a413ed2261c2a0f,122583,application/pdf,200,FMCS
USGOV-EA39109D902FAB94,FMCS Statement on Tentative Agreement Between Brigham and Women’s Hospital and the Massachusetts Nurses Association,https://www.fmcs.gov/wp-content/uploads/2018/11/Brigham-MNA-6-26-2016.pdf,2026-09-21,ACQUIRED,https://www.fmcs.gov/resources/documents-and-data/brigham-mna-6-26-2016/,GOVERNMENT_BULK/FMCS/845070cc6b3d__Brigham-MNA-6-26-2016.pdf,845070cc6b3d2360dbdd3dc676e6c703a1b3e7e2f9cc4a3f39832822a5df6574,197575,application/pdf,200,FMCS
USGOV-E24B6AB987BEB9E4,FMCS Statement on Tentative Settlement Between United Steelworkers Local 9423 And Century Aluminum Co. in Kentucky,https://www.fmcs.gov/wp-content/uploads/2018/11/Century_Aluminum_-_USW_Local_9423.pdf,2026-09-21,ACQUIRED,https://www.fmcs.gov/resources/documents-and-data/century_aluminum_-_usw_local_9423/,GOVERNMENT_BULK/FMCS/0c93d1fce299__Century_Aluminum_-_USW_Local_9423.pdf,0c93d1fce299347e5d8b905f2e4e0730d3a009f23b6f9ca4be73ef180ffd8bcf,116074,application/pdf,200,FMCS
USGOV-D784A3A6F60FA3E7,FMCS Statement on Negotiations Between New York’s Con Edison And the Utility Workers Union of America Local 1-2,https://www.fmcs.gov/wp-content/uploads/2018/11/Con-Ed-UWU-7-1-2016.pdf,2026-09-21,ACQUIRED,https://www.fmcs.gov/resources/documents-and-data/con-ed-uwu-7-1-2016/,GOVERNMENT_BULK/FMCS/74235c676de7__Con-Ed-UWU-7-1-2016.pdf,74235c676de750b8f6923f1e8a4e9f7eee9d2755d4b3fbcb399273739931935a,198804,application/pdf,200,FMCS
USGOV-4046F9B59C3D47AC,FMCS Mediators Assist Energy Department and Industry Groups Establish Groundbreaking Energy Savings Standards,https://www.fmcs.gov/wp-content/uploads/2018/11/DOE-Negotiated-Rulemaking-6-30-2015.pdf,2026-09-21,DUPLICATE,https://www.fmcs.gov/resources/documents-and-data/doe-negotiated-rulemaking-6-30-2015/,GOVERNMENT_BULK/FMCS/57dc119fbe56__DOE-Negotiated-Rulemaking-6-30-2015.pdf,57dc119fbe561aae316450bdd17b34eb26e6af6bc4c4c991b2efe98894499187,139012,application/pdf,200,FMCS
USGOV-00E4BC7EE10A997E,Announcement: FMCS Announces Key Personnel Positions,https://www.fmcs.gov/wp-content/uploads/2018/11/FINAL-Announcement-FMCS-Announces-Key-Personnel-Positions.pdf,2026-09-21,ACQUIRED,https://www.fmcs.gov/resources/documents-and-data/final-announcement-fmcs-announces-key-personnel-positions/,GOVERNMENT_BULK/FMCS/58fd59ca2c17__FINAL-Announcement-FMCS-Announces-Key-Personnel-Positions.pdf,58fd59ca2c174d6bcebcbc2deadbc2fd950c838f27beba52fecf7de9430085d7,330056,application/pdf,200,FMCS
USGOV-9449E42129CFD9C0,"FMCS Announces Labor-Management Grants Totaling $441,753",https://www.fmcs.gov/wp-content/uploads/2018/11/FINAL-FY2018-Grants-Recipients-Announcement-11-07-18-1.pdf,2026-09-21,ACQUIRED,https://www.fmcs.gov/resources/documents-and-data/final-fy2018-grants-recipients-announcement-11-07-18-2/,GOVERNMENT_BULK/FMCS/5223199c0e07__FINAL-FY2018-Grants-Recipients-Announcement-11-07-18-1.pdf,5223199c0e07dae139f468b2c866ace3ef6e95bd20b4a749385fa38cf032fec9,353207,application/pdf,200,FMCS
USGOV-F457E7611F78AEEA,FINAL – FY2018 Grants Recipients Announcement 11-07-18,https://www.fmcs.gov/wp-content/uploads/2018/11/FINAL-FY2018-Grants-Recipients-Announcement-11-07-18.pdf,2026-09-21,DUPLICATE,https://www.fmcs.gov/final-fy2018-grants-recipients-announcement-11-07-18/,GOVERNMENT_BULK/FMCS/5223199c0e07__FINAL-FY2018-Grants-Recipients-Announcement-11-07-18.pdf,5223199c0e07dae139f468b2c866ace3ef6e95bd20b4a749385fa38cf032fec9,353207,application/pdf,200,FMCS
USGOV-19533F2CA03D576C,"New FMCS Mediators Train to Resolve Labor-Management Conflicts, Build Better Relationships, and Create More Effective Organizations",https://www.fmcs.gov/wp-content/uploads/2018/11/FINAL-New-FMCS-Mediators-Train-to-Resolve-Labor-Management-Conflicts-Build-Better-Relationships-and-Create-More-Effective-Organizations-.pdf,2026-09-21,FAILED,https://www.fmcs.gov/resources/documents-and-data/final-new-fmcs-mediators-train-to-resolve-labor-management-conflicts-build-better-relationships-and-create-more-effective-organizations/,,,501650,application/pdf,200,FMCS
USGOV-4FE24D15C62F0F8B,FMCS Statement on Tentative Labor Agreement Between Kaiser Permanente and the Alliance of Health Care Unions,https://www.fmcs.gov/wp-content/uploads/2018/11/FINAL-Statement-on-Tentative-Labor-Agreement-Between-Kaiser-Permanente-and-the-Alliance-of-Health-Care-Unions.pdf,2026-09-21,ACQUIRED,https://www.fmcs.gov/resources/documents-and-data/final-statement-on-tentative-labor-agreement-between-kaiser-permanente-and-the-alliance-of-health-care-unions-2/,GOVERNMENT_BULK/FMCS/7f7fae03fb8a__FINAL-Statement-on-Tentative-Labor-Agreement-Between-Kaiser-Permanente-and-the-Alliance-of-Health-Care-Unions.pdf,7f7fae03fb8a367de93b4abe8cec708b0da9835d10b958d67b2f093b54179fcb,151743,application/pdf,200,FMCS
USGOV-E5DDAB75028DECF0,FMCS Announces 2016 Grants For Innovative Labor-Management Partnerships,https://www.fmcs.gov/wp-content/uploads/2018/11/FMCS-2016-grants-announcement-10-24-2016.pdf,2026-09-21,ACQUIRED,https://www.fmcs.gov/resources/documents-and-data/fmcs-2016-grants-announcement-10-24-2016-2/,GOVERNMENT_BULK/FMCS/46716922e73e__FMCS-2016-grants-announcement-10-24-2016.pdf,46716922e73e197119080babeb839e1dc09ad1c33cc5a0e488218a1c7f70fa9e,213363,application/pdf,200,FMCS
USGOV-44673ABF9C05847C,FMCS Again Ranks Among Best Workplaces In Small and Independent Federal Agencies,https://www.fmcs.gov/wp-content/uploads/2018/11/FMCS-Again-Ranks-Among-Best-Workplaces_10-24-2014.pdf,2026-09-21,ACQUIRED,https://www.fmcs.gov/resources/documents-and-data/fmcs-again-ranks-among-best-workplaces_10-24-2014/,GOVERNMENT_BULK/FMCS/7110ef8edf31__FMCS-Again-Ranks-Among-Best-Workplaces_10-24-2014.pdf,7110ef8edf31c11c6a4ad1502ce677cb249a45759d32a41f8e4587c920ae387e,52130,application/pdf,200,FMCS
USGOV-2C7FFB2959C35432,FMCS Again Ranks Among “Best Places to Work” In Federal Government,https://www.fmcs.gov/wp-content/uploads/2018/11/FMCS-Best-Place-Dec-15-2016.pdf,2026-09-21,ACQUIRED,https://www.fmcs.gov/resources/documents-and-data/fmcs-best-place-dec-15-2016/,GOVERNMENT_BULK/FMCS/a120409bf28d__FMCS-Best-Place-Dec-15-2016.pdf,a120409bf28d2e1b21caacc6c10d6482cde60c6cb32333403c361d0a088b284c,211641,application/pdf,200,FMCS
USGOV-861F43C5545DC0BF,FMCS Ranks First Among Small Federal Agency “Best Places to Work”,https://www.fmcs.gov/wp-content/uploads/2018/11/FMCS-Best-Place-To-Work-1-26-2016-1.pdf,2026-09-21,ACQUIRED,https://www.fmcs.gov/resources/documents-and-data/fmcs-best-place-to-work-1-26-2016-2/,GOVERNMENT_BULK/FMCS/ad4d617062e2__FMCS-Best-Place-To-Work-1-26-2016-1.pdf,ad4d617062e2c791bc3b700a98382e4d59441ba9ee64e0e9bb9d09f0b97d5499,209653,application/pdf,200,FMCS
USGOV-A1DB38D905955F13,FMCS Best Place To Work 1-26-2016,https://www.fmcs.gov/wp-content/uploads/2018/11/FMCS-Best-Place-To-Work-1-26-2016.pdf,2026-09-21,DUPLICATE,https://www.fmcs.gov/resources/documents-and-data/fmcs-best-place-to-work-1-26-2016/,GOVERNMENT_BULK/FMCS/ad4d617062e2__FMCS-Best-Place-To-Work-1-26-2016.pdf,ad4d617062e2c791bc3b700a98382e4d59441ba9ee64e0e9bb9d09f0b97d5499,209653,application/pdf,200,FMCS
USGOV-C3E4C8A76A69B78A,FMCS Commissioner Appointed New Agency Acting Director,https://www.fmcs.gov/wp-content/uploads/2018/11/FMCS-Commissioner-Appointed-New-Agency-Acting-Director.pdf,2026-09-21,ACQUIRED,https://www.fmcs.gov/resources/documents-and-data/fmcs-commissioner-appointed-new-agency-acting-director/,GOVERNMENT_BULK/FMCS/51215be0758d__FMCS-Commissioner-Appointed-New-Agency-Acting-Director.pdf,51215be0758db3203ac5c1cc6213b6c7c0641216eec651624ed596a339ee1abf,199152,application/pdf,200,FMCS
USGOV-3A8E7F3DEF86C4A6,FMCS FEB Payment Approval Form,https://www.fmcs.gov/wp-content/uploads/2018/11/FMCS-FEB-Payment-Approval-Form.pdf,2026-09-21,ACQUIRED,https://www.fmcs.gov/fmcs-feb-payment-approval-form/,GOVERNMENT_BULK/FMCS/501cffd3e5b0__FMCS-FEB-Payment-Approval-Form.pdf,501cffd3e5b069badc427a883b7cf3f2de362ef42acf6f576b3f59ec2c7b8b9e,60239,application/pdf,200,FMCS
USGOV-E68C07E74D40C8FD,FMCS FY18 Final Audit Report,https://www.fmcs.gov/wp-content/uploads/2018/11/FMCS-FY18-Final-Audit-Report.pdf,2026-09-21,ACQUIRED,https://www.fmcs.gov/fmcs-fy18-final-audit-report/,GOVERNMENT_BULK/FMCS/714d02c84df2__FMCS-FY18-Final-Audit-Report.pdf,714d02c84df2ae8af6aa1702b261c06f0263fc14b908e564dc634aa7d90e8029,228741,application/pdf,200,FMCS
USGOV-D73C58BE6D8C4833,FMCS Labor-Management Grants Program Accepts Applications for FY 2017,https://www.fmcs.gov/wp-content/uploads/2018/11/FMCS-Grants-Announcement-3-1-2017.pdf,2026-09-21,ACQUIRED,https://www.fmcs.gov/resources/documents-and-data/fmcs-grants-announcement-3-1-2017/,GOVERNMENT_BULK/FMCS/c12f308e1c1d__FMCS-Grants-Announcement-3-1-2017.pdf,c12f308e1c1d61b5ff929f018a6d89a6beee2257bcac953fcbbc501fd4c6ca6d,209191,application/pdf,200,FMCS
USGOV-638A60961CFF1370,"FMCS Extends Deadline for Labor-Management Grants; Applications Now Due June 30, 2016",https://www.fmcs.gov/wp-content/uploads/2018/11/FMCS-extends-grants-deadline-5-31-2016.pdf,2026-09-21,ACQUIRED,https://www.fmcs.gov/resources/documents-and-data/fmcs-extends-grants-deadline-5-31-2016/,GOVERNMENT_BULK/FMCS/df762fe89eb6__FMCS-extends-grants-deadline-5-31-2016.pdf,df762fe89eb61e2c047f030ba26230b86fd1f62b3575c66a9a2ee54278fa74f2,200918,application/pdf,200,FMCS
USGOV-666978FB1C29167A,"FMCS Announces Labor-Management Grants Totaling $895,096",https://www.fmcs.gov/wp-content/uploads/2018/11/FMCS-grants-recipients-announcement-11-15-17.pdf,2026-09-21,ACQUIRED,https://www.fmcs.gov/resources/documents-and-data/fmcs-grants-recipients-announcement-11-15-17/,GOVERNMENT_BULK/FMCS/532bbf25f4c2__FMCS-grants-recipients-announcement-11-15-17.pdf,532bbf25f4c2008bf60af904fede73370c6ee9ac88111a138dcf9592596a011e,204354,application/pdf,200,FMCS
USGOV-EC0B242265726716,Statement by FMCS Director Allison Beck On Tentative Agreement in Verizon-CWA-IBEW Talks,https://www.fmcs.gov/wp-content/uploads/2018/11/FMCS-statement-on-Verizon-tentative-agreement-5-27-2016.pdf,2026-09-21,ACQUIRED,https://www.fmcs.gov/resources/documents-and-data/fmcs-statement-on-verizon-tentative-agreement-5-27-2016/,GOVERNMENT_BULK/FMCS/513f73fbdfa8__FMCS-statement-on-Verizon-tentative-agreement-5-27-2016.pdf,513f73fbdfa8ce5a1b56b1e3874c89af822edb8f5b01f14e4981ef069e61a415,197614,application/pdf,200,FMCS
USGOV-5A3D8139CF64D42E,FMCS Labor-Management Grants Program Accepts Applications for FY 2018,https://www.fmcs.gov/wp-content/uploads/2018/11/FY-2018-FMCS-grants-program-announcement-3-12-2018-1.pdf,2026-09-21,ACQUIRED,https://www.fmcs.gov/resources/documents-and-data/fy-2018-fmcs-grants-program-announcement-3-12-2018-2/,GOVERNMENT_BULK/FMCS/2aab0728ef4e__FY-2018-FMCS-grants-program-announcement-3-12-2018-1.pdf,2aab0728ef4e0e2dfd4175424d3d2b2b305bb59b016e9e990ef6e095cbc3ec99,210886,application/pdf,200,FMCS
USGOV-F1F615372FD4C00F,FY 2018 FMCS grants program announcement 3-12-2018,https://www.fmcs.gov/wp-content/uploads/2018/11/FY-2018-FMCS-grants-program-announcement-3-12-2018.pdf,2026-09-21,DUPLICATE,https://www.fmcs.gov/resources/documents-and-data/fy-2018-fmcs-grants-program-announcement-3-12-2018/,GOVERNMENT_BULK/FMCS/2aab0728ef4e__FY-2018-FMCS-grants-program-announcement-3-12-2018.pdf,2aab0728ef4e0e2dfd4175424d3d2b2b305bb59b016e9e990ef6e095cbc3ec99,210886,application/pdf,200,FMCS
USGOV-077844BAC81FE4B2,"Deadline Approaching for FMCS Labor-Management Grants Applications Due May 31, 2016",https://www.fmcs.gov/wp-content/uploads/2018/11/Grants-deadline-approaching-5-3-2016-final-2.pdf,2026-09-21,ACQUIRED,https://www.fmcs.gov/resources/documents-and-data/grants-deadline-approaching-5-3-2016-final-2/,GOVERNMENT_BULK/FMCS/50d24af497b6__Grants-deadline-approaching-5-3-2016-final-2.pdf,50d24af497b6e8dcaa00a2cf7656d5c671571e9b5ce1de2deb36770200052b23,200111,application/pdf,200,FMCS
USGOV-1C016CF58293CC12,"Deadline Approaching for FMCS Labor-Management Grants Applications Due May 31, 2018",https://www.fmcs.gov/wp-content/uploads/2018/11/Grants-deadline-approaching-5-7-2018.pdf,2026-09-21,ACQUIRED,https://www.fmcs.gov/resources/documents-and-data/grants-deadline-approaching-5-7-2018/,GOVERNMENT_BULK/FMCS/328c81293084__Grants-deadline-approaching-5-7-2018.pdf,328c81293084402da049d5de537002f47065f7b75e5fca367abd8db756f7270b,204119,application/pdf,200,FMCS
USGOV-6CBFC37A78FEA76D,FMCS Statement on Tentative Settlement Between United Steelworkers Local 7-669 And the Honeywell Metropolis Works,https://www.fmcs.gov/wp-content/uploads/2018/11/Honeywell-USW-March-21-2015.pdf,2026-09-21,ACQUIRED,https://www.fmcs.gov/resources/documents-and-data/honeywell-usw-march-21-2015/,GOVERNMENT_BULK/FMCS/5e7ab7c77978__Honeywell-USW-March-21-2015.pdf,5e7ab7c77978544d21e72e8bf48b0a398b75fc0aa58f6b5fdc63dd584f2fb558,123164,application/pdf,200,FMCS
USGOV-E88F691E87C539FE,FMCS Applauds ILWU-PMA West Coast Ports Announcements,https://www.fmcs.gov/wp-content/uploads/2018/11/ILWU-PMA-announcement-statement-7-31-2017.pdf,2026-09-21,ACQUIRED,https://www.fmcs.gov/resources/documents-and-data/ilwu-pma-announcement-statement-7-31-2017/,GOVERNMENT_BULK/FMCS/5e4381038e1d__ILWU-PMA-announcement-statement-7-31-2017.pdf,5e4381038e1d07e5a1bc3b77dc8b748498c2ec650fec7c704c180974b0f259b5,186748,application/pdf,200,FMCS
USGOV-CB942A384CBD93ED,Statement by FMCS Acting Director Allison Beck On a Tentative Agreement Between The International Longshore and Warehouse Union (ILWU) And the Pacific Maritime Association (PMA),https://www.fmcs.gov/wp-content/uploads/2018/11/ILWU-PMA_Settlement_2-20-2015.pdf,2026-09-21,ACQUIRED,https://www.fmcs.gov/resources/documents-and-data/ilwu-pma_settlement_2-20-2015/,GOVERNMENT_BULK/FMCS/74a4e7bd89d4__ILWU-PMA_Settlement_2-20-2015.pdf,74a4e7bd89d425698b751336e54214eb408d41f0bc2c91914620ce25e5001e30,123013,application/pdf,200,FMCS
USGOV-E547EF4697763617,FMCS Mediators to Speak on Resolving Labor Disputes in Higher Education,https://www.fmcs.gov/wp-content/uploads/2018/11/NYC-education-conference-advisory-April-2015.pdf,2026-09-21,ACQUIRED,https://www.fmcs.gov/resources/documents-and-data/nyc-education-conference-advisory-april-2015/,GOVERNMENT_BULK/FMCS/6c7ea7553e5c__NYC-education-conference-advisory-April-2015.pdf,6c7ea7553e5c23eb4782e1bc91d1b9b281836b4b592d8dff146d2a87663bb54c,124147,application/pdf,200,FMCS
USGOV-ADF063AFE11B7C2B,FMCS Statement on Tentative Agreement Between the New York State Nurses Association (NYSNA) And the New York City Alliance of Hospitals,https://www.fmcs.gov/wp-content/uploads/2018/11/NYSNA-NYC-Hospitals-6-18-2015.pdf,2026-09-21,DUPLICATE,https://www.fmcs.gov/resources/documents-and-data/nysna-nyc-hospitals-6-18-2015/,GOVERNMENT_BULK/FMCS/dd80b7a7e7b4__NYSNA-NYC-Hospitals-6-18-2015.pdf,dd80b7a7e7b4ef057bb96a971cf5553668c853841087f33b2afe988426588e02,137763,application/pdf,200,FMCS
USGOV-399EB02156A38890,Statement by FMCS Director Allison Beck on New Contract Between Pittsburgh Symphony Orchestra and Musicians,https://www.fmcs.gov/wp-content/uploads/2018/11/PSO-AFM-11-23-16.pdf,2026-09-21,ACQUIRED,https://www.fmcs.gov/resources/documents-and-data/pso-afm-11-23-16/,GOVERNMENT_BULK/FMCS/7191cce2baaa__PSO-AFM-11-23-16.pdf,7191cce2baaa838a522468469e0912e71281d842936093ae0ffc0d64eb4319dd,199574,application/pdf,200,FMCS
USGOV-7B0EFA35A295562E,"FMCS Statement on Negotiations Between Pantex/Consolidated Nuclear Security (CNS) And the Metal Trades Council in Amarillo, TX",https://www.fmcs.gov/wp-content/uploads/2018/11/Pantex-CRS-Metal-Trades-Council-9-25-2015-Final.pdf,2026-09-21,ACQUIRED,https://www.fmcs.gov/resources/documents-and-data/pantex-crs-metal-trades-council-9-25-2015-final-2/,GOVERNMENT_BULK/FMCS/b05d5d0e463d__Pantex-CRS-Metal-Trades-Council-9-25-2015-Final.pdf,b05d5d0e463da9df8d009b6b3b8c7714e0a064f3e9ef1249a07753d82375d255,96284,application/pdf,200,FMCS
USGOV-DDBD95CFEB2A4717,Statement by FMCS Director Allison Beck on the Ongoing Labor Dispute Involving Pantex/Consolidated Nuclear Security (CNS) and the Metal Trades Council,https://www.fmcs.gov/wp-content/uploads/2018/11/Pantex-Metal-Trades-Council-9-16-2015.pdf,2026-09-21,DUPLICATE,https://www.fmcs.gov/resources/documents-and-data/pantex-metal-trades-council-9-16-2015-2/,GOVERNMENT_BULK/FMCS/899f384ce4ce__Pantex-Metal-Trades-Council-9-16-2015.pdf,899f384ce4ce681b8b5f3d17d6258217c2f95ab139954eecd62314d6e7c2f31c,138480,application/pdf,200,FMCS
USGOV-4DD0FEFAD37B293B,FMCS Congratulates Both Sides In Final Settlement for Rhode Island Pension Case,https://www.fmcs.gov/wp-content/uploads/2018/11/RI-Pension-Settlement-Implementation-2015-final.pdf,2026-09-21,DUPLICATE,https://www.fmcs.gov/resources/documents-and-data/ri-pension-settlement-implementation-2015-final/,GOVERNMENT_BULK/FMCS/65fe86f69087__RI-Pension-Settlement-Implementation-2015-final.pdf,65fe86f69087b348e7fc071f0ef5a1ef3cf8bb602b0c5d578bf415c6feb9a2fe,97841,application/pdf,200,FMCS
USGOV-84906E7B5E6240CA,SN Mediator Profile,https://www.fmcs.gov/wp-content/uploads/2018/11/SN-Mediator-Profile.pdf,2026-09-21,ACQUIRED,https://www.fmcs.gov/sn-mediator-profile/,GOVERNMENT_BULK/FMCS/a365e518f380__SN-Mediator-Profile.pdf,a365e518f3801ff399d64b04133f7c2d1830575f0618d25f539787928c792813,212290,application/pdf,200,FMCS
USGOV-C782389B501F4629,Statement by FMCS Director Allison Beck On the Tentative Agreement in Southern California Supermarket Negotiations,https://www.fmcs.gov/wp-content/uploads/2018/11/Southern-California-Supermarket-TA-8-4-2016.pdf,2026-09-21,ACQUIRED,https://www.fmcs.gov/resources/documents-and-data/southern-california-supermarket-ta-8-4-2016/,GOVERNMENT_BULK/FMCS/e248e99cc1fb__Southern-California-Supermarket-TA-8-4-2016.pdf,e248e99cc1fb4793324d52b85d875f32494794417c85d84208867f65b389b172,203615,application/pdf,200,FMCS
USGOV-ECC915AB457EA581,Labor and Management at St. Cloud VA Facility Issue Progress Report on Joint Training,https://www.fmcs.gov/wp-content/uploads/2018/11/St.-Cloud-VA-AFGE-3-16-2016.pdf,2026-09-21,ACQUIRED,https://www.fmcs.gov/resources/documents-and-data/st-cloud-va-afge-3-16-2016/,GOVERNMENT_BULK/FMCS/1d4208e52983__St.-Cloud-VA-AFGE-3-16-2016.pdf,1d4208e529836354ad7ad174c8593a10680dec539095e841902ee87d234e746f,534161,application/pdf,200,FMCS
USGOV-98BDAF253044DE5C,The Administrative Dispute Resolution Act,https://www.fmcs.gov/wp-content/uploads/2018/11/The-Administrative-Dispute-Resolution-Act.pdf,2026-09-21,ACQUIRED,https://www.fmcs.gov/the-administrative-dispute-resolution-act/,GOVERNMENT_BULK/FMCS/79bab6a558d8__The-Administrative-Dispute-Resolution-Act.pdf,79bab6a558d82cfd6c35720f9746190a822f5bb79658ed975bbb228aef7a3e37,191832,application/pdf,200,FMCS
USGOV-190FBB856F94E792,FMCS Statement on Labor Negotiations Between the International Longshore and Warehouse Union (ILWU) And the Pacific Maritime Association (PMA),https://www.fmcs.gov/wp-content/uploads/2018/11/West-Coast-ILWU-PMA-1-5-2015.pdf,2026-09-21,ACQUIRED,https://www.fmcs.gov/resources/documents-and-data/west-coast-ilwu-pma-1-5-2015/,GOVERNMENT_BULK/FMCS/b8f86cb65716__West-Coast-ILWU-PMA-1-5-2015.pdf,b8f86cb657164a8c2bde8bc9f19746696039099ad4141bf80000519e79a5738b,121484,application/pdf,200,FMCS
USGOV-1889489BAE0032ED,FMCS Statement on Labor Negotiations Between the International Longshore and Warehouse Union (ILWU) And the Pacific Maritime Association (PMA),https://www.fmcs.gov/wp-content/uploads/2018/11/West-Coast-Ports-12-22-2014-final.pdf,2026-09-21,ACQUIRED,https://www.fmcs.gov/resources/documents-and-data/west-coast-ports-12-22-2014-final/,GOVERNMENT_BULK/FMCS/1851139991cd__West-Coast-Ports-12-22-2014-final.pdf,1851139991cdd171f26a81236d21f248fa34e44292acc8ff10c1fd64e741ad48,120710,application/pdf,200,FMCS
USGOV-4A8D99E48E2D315A,DIRECTIVE 9101_EQUAL EMPLOYMENT OPPORTUNITY,https://www.fmcs.gov/wp-content/uploads/2018/12/DIRECTIVE-9101_EQUAL-EMPLOYMENT-OPPORTUNITY.pdf,2026-09-21,ACQUIRED,https://www.fmcs.gov/directive-9101_equal-employment-opportunity/,GOVERNMENT_BULK/FMCS/89e8f804654c__DIRECTIVE-9101_EQUAL-EMPLOYMENT-OPPORTUNITY.pdf,89e8f804654c591e509bfdb14c66432340c498311414e48513a69a3ed860a65f,119489,application/pdf,200,FMCS
USGOV-434A4474AF73D55F,Director EEO Statement_FY18,https://www.fmcs.gov/wp-content/uploads/2018/12/Director-EEO-Statement_FY18.pdf,2026-09-21,ACQUIRED,https://www.fmcs.gov/director-eeo-statement_fy18/,GOVERNMENT_BULK/FMCS/dec855aa09cc__Director-EEO-Statement_FY18.pdf,dec855aa09ccfb5486b0c6f8587e62819c8ce5a926e86bafb5c3447bb7e587ae,430468,application/pdf,200,FMCS
USGOV-4CE45A898B98385F,FINAL – FMCS Best Place To Work 2018,https://www.fmcs.gov/wp-content/uploads/2018/12/FINAL-FMCS-Best-Place-To-Work-2018.pdf,2026-09-21,ACQUIRED,https://www.fmcs.gov/resources/documents-and-data/final-fmcs-best-place-to-work-2018/,GOVERNMENT_BULK/FMCS/e3f25ef43cf8__FINAL-FMCS-Best-Place-To-Work-2018.pdf,e3f25ef43cf8dd088576563928a01cf668f4604f76ea3cd53df8c5a0b682771a,368314,application/pdf,200,FMCS
USGOV-ECBF566E178E062D,FY 18_No Fear Act_11-21-18,https://www.fmcs.gov/wp-content/uploads/2018/12/FY-18_No-Fear-Act_11-21-18-.pdf,2026-09-21,ACQUIRED,https://www.fmcs.gov/fy-18_no-fear-act_11-21-18/,GOVERNMENT_BULK/FMCS/1d1477e9ed32__FY-18_No-Fear-Act_11-21-18-.pdf,1d1477e9ed32c74967d448be2b5033438bf9bb0225575a8cd812ca6ef99cf5ae,709918,application/pdf,200,FMCS
USGOV-77C527EC6A44DB71,EEO Statement and Policy,https://www.fmcs.gov/wp-content/uploads/2019/01/EEO-Statement-and-Policy.pdf,2026-09-21,ACQUIRED,https://www.fmcs.gov/eeo-statement-and-policy/,GOVERNMENT_BULK/FMCS/1659e943ee63__EEO-Statement-and-Policy.pdf,1659e943ee63fb6d01a490e4c6304fc6fd5d03d872dbe6bdf98c1c2f5b1419b4,427886,application/pdf,200,FMCS
USGOV-D4271E328ADC4CE3,FMCS Commends National Grid and USW on Ratification of Recent Agreement,https://www.fmcs.gov/wp-content/uploads/2019/01/FMCS-Commends-National-Grid-and-USW-on-Ratification-of-Recent-Agreement.pdf,2026-09-21,ACQUIRED,https://www.fmcs.gov/resources/documents-and-data/fmcs-commends-national-grid-and-usw-on-ratification-of-recent-agreement-2/,GOVERNMENT_BULK/FMCS/d9a9234924f9__FMCS-Commends-National-Grid-and-USW-on-Ratification-of-Recent-Agreement.pdf,d9a9234924f9002231e39e652dfe98f0ef51af931ef7464e7430a57b23e8cec4,150486,application/pdf,200,FMCS
USGOV-779A6394B13F0173,FMCS Statement on Tentative Agreement in Professional Referee Organization and Professional Soccer Referees Association Contract Talks,https://www.fmcs.gov/wp-content/uploads/2019/01/FMCS-Statement-on-Tentative-Agreement-in-Professional-Referee-Organization-and-Professional-Soccer-Referees-Association-Contract-Talks.pdf,2026-09-21,FAILED,https://www.fmcs.gov/resources/documents-and-data/fmcs-statement-on-tentative-agreement-in-professional-referee-organization-and-professional-soccer-referees-association-contract-talks-2/,,,149727,application/pdf,200,FMCS
USGOV-E0A86AAD06399801,Affinity Economic Bargaining v3,https://www.fmcs.gov/wp-content/uploads/2019/02/Affinity-Economic-Bargaining-v3.pdf,2026-09-21,ACQUIRED,https://www.fmcs.gov/affinity-economic-bargaining-v3-2/,GOVERNMENT_BULK/FMCS/d1b786be6ae5__Affinity-Economic-Bargaining-v3.pdf,d1b786be6ae5c79abc026d61abc4b5f7a7fe84838723a9ca7c00040c252b187f,498892,application/pdf,200,FMCS
USGOV-E2E94E39972ABB6E,Arbitration Version 3 June 2018,https://www.fmcs.gov/wp-content/uploads/2019/02/Arbitration-Version-3-June-2018.pdf,2026-09-21,ACQUIRED,https://www.fmcs.gov/arbitration-version-3-june-2018-2/,GOVERNMENT_BULK/FMCS/ebb00dcea7c3__Arbitration-Version-3-June-2018.pdf,ebb00dcea7c3631db80c52fc5d031a88f8dd872f2117dba9cf427b8fb113a531,614311,application/pdf,200,FMCS
USGOV-0894081CF62C4EC7,Collective Bargaining Skills for Teams,https://www.fmcs.gov/wp-content/uploads/2019/02/Collective-Bargaining-Skills-for-Teams.pdf,2026-09-21,ACQUIRED,https://www.fmcs.gov/collective-bargaining-skills-for-teams-2/,GOVERNMENT_BULK/FMCS/0115adb4cfc3__Collective-Bargaining-Skills-for-Teams.pdf,0115adb4cfc38eccedec5b19b1c7486a79632913b77278aba835c0819c4be16c,665343,application/pdf,200,FMCS
USGOV-9026B1343CE000AE,FMCS Issues Joint Statement on Behalf of Barton Healthcare and CNA,https://www.fmcs.gov/wp-content/uploads/2019/02/FINAL-FMCS-Issues-Joint-Statement-on-Behalf-of-Barton-Healthcare-and-CNA.pdf,2026-09-21,ACQUIRED,https://www.fmcs.gov/resources/documents-and-data/final-fmcs-issues-joint-statement-on-behalf-of-barton-healthcare-and-cna/,GOVERNMENT_BULK/FMCS/41393acd5f62__FINAL-FMCS-Issues-Joint-Statement-on-Behalf-of-Barton-Healthcare-and-CNA.pdf,41393acd5f62512dc63d87c7113eb9b26c5cab83c7b67102a73815426c8ddf0f,144265,application/pdf,200,FMCS
USGOV-ED031936CC411D2A,FMCS Issues Joint Statement on Barton Healthcare System and the California Nurses Association Cooling Off Period,https://www.fmcs.gov/wp-content/uploads/2019/02/FMCS-Issues-Joint-Statement-on-Barton-Healthcare-System-and-the-California-Nurses-Association-Cooling-Off-Period.pdf,2026-09-21,ACQUIRED,https://www.fmcs.gov/resources/documents-and-data/fmcs-issues-joint-statement-on-barton-healthcare-system-and-the-california-nurses-association-cooling-off-period-2/,GOVERNMENT_BULK/FMCS/6b998600a84e__FMCS-Issues-Joint-Statement-on-Barton-Healthcare-System-and-the-California-Nurses-Association-Cooling-Off-Period.pdf,6b998600a84edaa2c23474fdb8192cbe6e76436ac10c981b815c40b5cb68af13,146937,application/pdf,200,FMCS
USGOV-FC44B9197A47491E,Interest-Based Bargaining,https://www.fmcs.gov/wp-content/uploads/2019/02/Interest-Based-Bargaining.pdf,2026-09-21,ACQUIRED,https://www.fmcs.gov/interest-based-bargaining-2/,GOVERNMENT_BULK/FMCS/309ecbb5e281__Interest-Based-Bargaining.pdf,309ecbb5e28132b1715b20c842b8e68baf4af7469672e30363e23c134812e379,645166,application/pdf,200,FMCS
USGOV-5DB66986F22A831C,Relationship Dev and Training,https://www.fmcs.gov/wp-content/uploads/2019/02/Relationship-Dev-and-Training.pdf,2026-09-21,ACQUIRED,https://www.fmcs.gov/relationship-dev-and-training-2/,GOVERNMENT_BULK/FMCS/56237b82c9f1__Relationship-Dev-and-Training.pdf,56237b82c9f1260da75c29fa8f852e0ea95505db908ef99b43a2fa7f81b82480,555657,application/pdf,200,FMCS
USGOV-E3448070C5BADED2,Relationships By Objectives,https://www.fmcs.gov/wp-content/uploads/2019/02/Relationships-By-Objectives.pdf,2026-09-21,ACQUIRED,https://www.fmcs.gov/relationships-by-objectives-3/,GOVERNMENT_BULK/FMCS/1099def64b7a__Relationships-By-Objectives.pdf,1099def64b7aa0bfbdc2394c2e73519f2ea3dad63a3a72ce99c9209170bebdd4,657174,application/pdf,200,FMCS
USGOV-8C5D39912FEEC3D2,2018 Anti-Harassment Policy,https://www.fmcs.gov/wp-content/uploads/2019/03/2018-Anti-Harassment-Policy.pdf,2026-09-21,ACQUIRED,https://www.fmcs.gov/eeo-nofear/2018-anti-harassment-policy/,GOVERNMENT_BULK/FMCS/e7934aba1a8a__2018-Anti-Harassment-Policy.pdf,e7934aba1a8abd8e883425ebb3a698a54295a91421248cb75bf6811986d50389,457339,application/pdf,200,FMCS
USGOV-2E9B174385DE0231,2019 Chief FOIA Officer Report,https://www.fmcs.gov/wp-content/uploads/2019/03/2019-Chief-FOIA-Officer-Report.pdf,2026-09-21,ACQUIRED,https://www.fmcs.gov/resources/documents-and-data/2019-chief-foia-officer-report/,GOVERNMENT_BULK/FMCS/e53926021257__2019-Chief-FOIA-Officer-Report.pdf,e5392602125718c9a5847bf451c15d8df2524f6d247d04147dd488159a4a695e,270997,application/pdf,200,FMCS
USGOV-7BF3A492C2CC86CD,2020 Congressional Budget,https://www.fmcs.gov/wp-content/uploads/2019/03/2020-Congressional-Budget.pdf,2026-09-21,ACQUIRED,https://www.fmcs.gov/2020-congressional-budget/,GOVERNMENT_BULK/FMCS/e5be59ceba1b__2020-Congressional-Budget.pdf,e5be59ceba1bf3beff4f12cedb96c1b128435b8919775477b078d8a4bfca9617,1523100,application/pdf,200,FMCS
USGOV-385E9C78F8021DA9,Affinity Economic Bargaining v3,https://www.fmcs.gov/wp-content/uploads/2019/03/Affinity-Economic-Bargaining-v3.pdf,2026-09-21,ACQUIRED,https://www.fmcs.gov/affinity-economic-bargaining-v3-3/,GOVERNMENT_BULK/FMCS/046cb2feab06__Affinity-Economic-Bargaining-v3.pdf,046cb2feab063b65b79f437a326f159d29aedee2fa52caac4992d7d4bf90e5d1,423217,application/pdf,200,FMCS
USGOV-01FB7289717B70A4,FMCS Commissions New Mediator Class of 2019,https://www.fmcs.gov/wp-content/uploads/2019/03/FMCS-Commissions-New-Mediator-Class-of-2019-1.pdf,2026-09-21,ACQUIRED,https://www.fmcs.gov/resources/documents-and-data/fmcs-commissions-new-mediator-class-of-2019-3/,GOVERNMENT_BULK/FMCS/ce3c1293f3dd__FMCS-Commissions-New-Mediator-Class-of-2019-1.pdf,ce3c1293f3dd379a976143777eb341f9e18d5d60fca3a51d7a2a33dbd6eeffe0,462051,application/pdf,200,FMCS
USGOV-99B59CF581672B0F,FMCS-International-Training DAT V3,https://www.fmcs.gov/wp-content/uploads/2019/03/FMCS-International-Training-DAT-V3.pdf,2026-09-21,ACQUIRED,https://www.fmcs.gov/fmcs-international-training-dat-v3/,GOVERNMENT_BULK/FMCS/c46bc38bfe11__FMCS-International-Training-DAT-V3.pdf,c46bc38bfe11a09249600dfdd1e06a5befac63b385f82f8221b0cd1e7d42c1db,461247,application/pdf,200,FMCS
USGOV-836046C104274145,FMCS Personal Assistance Services (PAS),https://www.fmcs.gov/wp-content/uploads/2019/03/FMCS-Personal-Assistance-Services-PAS.pdf,2026-09-21,ACQUIRED,https://www.fmcs.gov/eeo-nofear/fmcs-personal-assistance-services-pas/,GOVERNMENT_BULK/FMCS/47e9efb0e273__FMCS-Personal-Assistance-Services-PAS.pdf,47e9efb0e273c3b33a4f4252490db4172e844c8a93ba3e9556eb2c285174bb74,61654,application/pdf,200,FMCS
USGOV-F572EFF2B4097406,FMCS Statement on the Passing of Former Director Bernard E. DeLury,https://www.fmcs.gov/wp-content/uploads/2019/03/FMCS-Statement-on-the-Passing-of-Former-Director-Bernard-E.-DeLury.pdf,2026-09-21,ACQUIRED,https://www.fmcs.gov/resources/documents-and-data/fmcs-statement-on-the-passing-of-former-director-bernard-e-delury-2/,GOVERNMENT_BULK/FMCS/798798a140b7__FMCS-Statement-on-the-Passing-of-Former-Director-Bernard-E.-DeLury.pdf,798798a140b7c46a949668ef3f66d94eba3f785f9c5b50927ad7e7cfb6e2f591,155151,application/pdf,200,FMCS
USGOV-F8D884C48FC95284,FY19 Director Designee’s EEO Statement and Policy,https://www.fmcs.gov/wp-content/uploads/2019/03/FY19-Director-Designee’s-EEO-Statement-and-Policy.pdf,2026-09-21,FAILED,https://www.fmcs.gov/eeo-nofear/fy19-director-designees-eeo-statement-and-policy/,,,,,,FMCS
USGOV-A9731A8531C7AA6E,Interest Based Bargaining,https://www.fmcs.gov/wp-content/uploads/2019/03/Interest-Based-Bargaining.pdf,2026-09-21,ACQUIRED,https://www.fmcs.gov/interest-based-bargaining-3/,GOVERNMENT_BULK/FMCS/220fcb931f82__Interest-Based-Bargaining.pdf,220fcb931f82f707af66db74f425df7956aaad8284278544b3b5e3f4cd67d549,572815,application/pdf,200,FMCS
USGOV-6AC38D44B2463167,Reasonable Accommodation Procedures,https://www.fmcs.gov/wp-content/uploads/2019/03/Reasonable-Accommodation-Procedures.pdf,2026-09-21,ACQUIRED,https://www.fmcs.gov/eeo-nofear/reasonable-accommodation-procedures/,GOVERNMENT_BULK/FMCS/2b2a9fd5e208__Reasonable-Accommodation-Procedures.pdf,2b2a9fd5e208a4cc4237cd8b9e40a98604866365cef6d25b07fa03b19f622675,175411,application/pdf,200,FMCS
USGOV-BB31FDB3F8302347,TAGS,https://www.fmcs.gov/wp-content/uploads/2019/03/TAGS.pdf,2026-09-21,ACQUIRED,https://www.fmcs.gov/tags/,GOVERNMENT_BULK/FMCS/32553032d06a__TAGS.pdf,32553032d06a8e6a4979f1edeb29b1a724bbe0028af6739a4ca2b4ebfd4ce1a2,478480,application/pdf,200,FMCS
USGOV-E553C95AA640AE97,FMCS Commends New England Stop & Shop and UFCW on Ratification of Recent Agreement,https://www.fmcs.gov/wp-content/uploads/2019/04/FMCS-Commends-New-England-Stop-Shop-and-UFCW-on-Ratification-of-Recent-Agreement.pdf,2026-09-21,ACQUIRED,https://www.fmcs.gov/resources/documents-and-data/fmcs-commends-new-england-stop-shop-and-ufcw-on-ratification-of-recent-agreement-2/,GOVERNMENT_BULK/FMCS/086b07c2f5c0__FMCS-Commends-New-England-Stop-Shop-and-UFCW-on-Ratification-of-Recent-Agreement.pdf,086b07c2f5c08958c80d7c75aacc7bca4226c4c4e10da1edb8d66168a05809dc,161462,application/pdf,200,FMCS
USGOV-05A6EC745ABF3FE7,FMCS and EEOC Sign Memorandum of Agreement,https://www.fmcs.gov/wp-content/uploads/2019/04/FMCS-and-EEOC-Sign-Memorandum-of-Agreement.pdf,2026-09-21,ACQUIRED,https://www.fmcs.gov/resources/documents-and-data/fmcs-and-eeoc-sign-memorandum-of-agreement/,GOVERNMENT_BULK/FMCS/9da50e8e484b__FMCS-and-EEOC-Sign-Memorandum-of-Agreement.pdf,9da50e8e484b7d10d4ff997ebeb08d03b7bbdd32f2d7795efa323c9e2d87f7e0,380984,application/pdf,200,FMCS
USGOV-2D6C110A6C4B3D85,NLMCConference2018_Program_web,https://www.fmcs.gov/wp-content/uploads/2019/05/NLMCConference2018_Program_web.pdf,2026-09-21,ACQUIRED,https://www.fmcs.gov/nlmcconference2018_program_web/,GOVERNMENT_BULK/FMCS/b3f05fa17515__NLMCConference2018_Program_web.pdf,b3f05fa175158d736f7ba7d4572c43e05cbec34c99f1f3ff46aa77b94cf92550,4237474,application/pdf,200,FMCS
USGOV-06AA55BF5B18D49D,ADR Procedures and Appendices_May 2019,https://www.fmcs.gov/wp-content/uploads/2019/06/ADR-Procedures-and-Appendices_May-2019.pdf,2026-09-21,ACQUIRED,https://www.fmcs.gov/eeo-nofear/adr-procedures-and-appendices_may-2019/,GOVERNMENT_BULK/FMCS/c094158fd352__ADR-Procedures-and-Appendices_May-2019.pdf,c094158fd352974a72cd05937649ccf5a46c45ebe2aed9e99249463fd84ee98f,1183477,application/pdf,200,FMCS
USGOV-8740881122FCE6D9,FMCS Fast Facts FY2018,https://www.fmcs.gov/wp-content/uploads/2019/06/FMCS-Fast-Facts-FY2018.pdf,2026-09-21,ACQUIRED,https://www.fmcs.gov/resources/documents-and-data/fmcs-fast-facts-fy2018/,GOVERNMENT_BULK/FMCS/f26b0fe7bcea__FMCS-Fast-Facts-FY2018.pdf,f26b0fe7bcea7c6cc9e35c894b91fe13b4fff4e1e379b11822f265c050be998b,1099194,application/pdf,200,FMCS
USGOV-59B53D19F6776546,FMCS and FLRA Sign Memorandum Of Understanding,https://www.fmcs.gov/wp-content/uploads/2019/06/FMCS-and-FLRA-Sign-Memorandum-Of-Understanding.pdf,2026-09-21,ACQUIRED,https://www.fmcs.gov/resources/documents-and-data/fmcs-and-flra-sign-memorandum-of-understanding-2/,GOVERNMENT_BULK/FMCS/ca739291d4ad__FMCS-and-FLRA-Sign-Memorandum-Of-Understanding.pdf,ca739291d4adb0c6855f2c0f1cf86e28cf6ef85d1a8254719e00e42ee5f0f809,394301,application/pdf,200,FMCS
USGOV-2BC8B3E5469A63B3,Reasonable Accommodation Procedures and Appendices_May 2019,https://www.fmcs.gov/wp-content/uploads/2019/06/Reasonable-Accommodation-Procedures-and-Appendices_May-2019.pdf,2026-09-21,ACQUIRED,https://www.fmcs.gov/eeo-nofear/reasonable-accommodation-procedures-and-appendices_may-2019/,GOVERNMENT_BULK/FMCS/e0e855ea03f2__Reasonable-Accommodation-Procedures-and-Appendices_May-2019.pdf,e0e855ea03f2be984b6e10dd43899ae321fe6b02a22768f2233bf6f35d058033,578653,application/pdf,200,FMCS
USGOV-F9549D3EC7CDA3D6,Phase 1 Implementation of the Foundations for Evidence-Based Policymaking Act of 2018,https://www.fmcs.gov/wp-content/uploads/2019/07/Phase-1-Implementation-of-the-Foundations-for-Evidence-Based-Policymaking-Act-of-2018.pdf,2026-09-21,ACQUIRED,https://www.fmcs.gov/data/phase-1-implementation-of-the-foundations-for-evidence-based-policymaking-act-of-2018/,GOVERNMENT_BULK/FMCS/858859901100__Phase-1-Implementation-of-the-Foundations-for-Evidence-Based-Policymaking-Act-of-2018.pdf,85885990110076098a185876fa8c162d0bfdefcb51a0812503886efbf7634301,3604742,application/pdf,200,FMCS
USGOV-288305E836B612D6,2020 NLMC Sponsorship,https://www.fmcs.gov/wp-content/uploads/2019/07/Sponsorship-Levels-final-10JUN19.pdf,2026-09-21,ACQUIRED,https://www.fmcs.gov/resources/documents-and-data/sponsorship-levels-final-10jun19/,GOVERNMENT_BULK/FMCS/07bb419d2e94__Sponsorship-Levels-final-10JUN19.pdf,07bb419d2e942ccdd68be795f4354dad8fd745cc55a65dae87bad397d4c1a10d,460272,application/pdf,200,FMCS
USGOV-2C0344CAC4D78B2B,2018 FMCS Annual Report,https://www.fmcs.gov/wp-content/uploads/2019/08/2018-FMCS-Annual-Report.pdf,2026-09-21,ACQUIRED,https://www.fmcs.gov/resources/documents-and-data/2018-fmcs-annual-report/,GOVERNMENT_BULK/FMCS/abd83fa30a70__2018-FMCS-Annual-Report.pdf,abd83fa30a707567fa05ff79229e9fa19642971014a638241ed2e984152cd94d,234582,application/pdf,200,FMCS
USGOV-7792E393A473C428,2020_NLMC_Sponsorship Form,https://www.fmcs.gov/wp-content/uploads/2019/08/2020_NLMC_Sponsorship-Form.pdf,2026-09-21,ACQUIRED,https://www.fmcs.gov/resources/documents-and-data/2020_nlmc_sponsorship-form/,GOVERNMENT_BULK/FMCS/de882342ece4__2020_NLMC_Sponsorship-Form.pdf,de882342ece4ab646dfe4da75bf2092d34ae5e0540ba8e39a7e29ec13c050e37,4814199,application/pdf,200,FMCS
USGOV-F1C3CEEEE671BBAE,FMCS Commends the State of Alaska and the Inlandboatmen’s Union on Tentative Agreement (Released),https://www.fmcs.gov/wp-content/uploads/2019/08/FMCS-Commends-the-State-of-Alaska-and-the-Inlandboatmen’s-Union-on-Tentative-Agreement-Released.pdf,2026-09-21,FAILED,https://www.fmcs.gov/resources/documents-and-data/fmcs-commends-the-state-of-alaska-and-the-inlandboatmens-union-on-tentative-agreement-released/,,,,,,FMCS
USGOV-DBC354DEA71C6327,FMCS Mediator Minimum Qualification Requirements,https://www.fmcs.gov/wp-content/uploads/2019/08/FMCS-Mediator-Minimum-Qualification-Requirements.pdf,2026-09-21,ACQUIRED,https://www.fmcs.gov/fmcs-mediator-minimum-qualification-requirements-2/,GOVERNMENT_BULK/FMCS/6667d962e711__FMCS-Mediator-Minimum-Qualification-Requirements.pdf,6667d962e7111c4da79f91bf8b715e7b8af5699727e978b68f86f19e13510bdc,549248,application/pdf,200,FMCS
USGOV-1D05A2526956EBDB,FMCS Org Structure (August 2019),https://www.fmcs.gov/wp-content/uploads/2019/08/FMCS-Org-Structure-August-2019.pdf,2026-09-21,ACQUIRED,https://www.fmcs.gov/aboutus/agency-departments/fmcs-org-structure-august-2019/,GOVERNMENT_BULK/FMCS/905a3f65fa0c__FMCS-Org-Structure-August-2019.pdf,905a3f65fa0cef56df4f0da64db382e53afa9fa4a9c9c5807fe5f47fe845448a,74453,application/pdf,200,FMCS
USGOV-79125916650E2BA4,FMCS Role and Function -FY18 Update Aug 1 2019,https://www.fmcs.gov/wp-content/uploads/2019/08/FMCS-Role-and-Function-FY18-Update-Aug-1-2019.pdf,2026-09-21,ACQUIRED,https://www.fmcs.gov/resources/documents-and-data/fmcs-role-and-function-fy18-update-aug-1-2019/,GOVERNMENT_BULK/FMCS/7babc8699990__FMCS-Role-and-Function-FY18-Update-Aug-1-2019.pdf,7babc8699990fdc9a492cdfedd20f44810be574a56fead231d1257d670746abe,5047100,application/pdf,200,FMCS
USGOV-C72E32C1F3635C8F,NLMC_2020_AD SPECS,https://www.fmcs.gov/wp-content/uploads/2019/08/NLMC_2020_AD-SPECS.pdf,2026-09-21,ACQUIRED,https://www.fmcs.gov/resources/documents-and-data/nlmc_2020_ad-specs/,GOVERNMENT_BULK/FMCS/4ad883a3d87c__NLMC_2020_AD-SPECS.pdf,4ad883a3d87c6d8ca04cc03c4205867154a5b775ab570646cb557a9f89a11432,151534,application/pdf,200,FMCS
USGOV-05340FD8B96DA25A,R43_August_2019,https://www.fmcs.gov/wp-content/uploads/2019/08/R43_August_2019.pdf,2026-09-21,ACQUIRED,https://www.fmcs.gov/r43_august_2019/,GOVERNMENT_BULK/FMCS/a462ba079fae__R43_August_2019.pdf,a462ba079fae8b2c99742aa69d7dc847f623b33bc30a1c8563c97442b26949b7,2478412,application/pdf,200,FMCS
USGOV-A071BC886F9865AF,FMCS Statement on Six-Year Agreement Between SSA and AFGE,https://www.fmcs.gov/wp-content/uploads/2019/09/FMCS-Statement-on-Six-Year-Agreement-Between-SSA-and-AFGE.pdf,2026-09-21,ACQUIRED,https://www.fmcs.gov/resources/documents-and-data/fmcs-statement-on-six-year-agreement-between-ssa-and-afge-2/,GOVERNMENT_BULK/FMCS/3199631f60a7__FMCS-Statement-on-Six-Year-Agreement-Between-SSA-and-AFGE.pdf,3199631f60a7989cddaaca6e657fa186c52c59973fa3f8e6db8aed6d0d582184,234206,application/pdf,200,FMCS
USGOV-04D510F2A0A4D03E,10-01-19_EEO_Program Team,https://www.fmcs.gov/wp-content/uploads/2019/10/10-01-19_EEO_Program-Team.pdf,2026-09-21,ACQUIRED,https://www.fmcs.gov/eeo-nofear/10-01-19_eeo_program-team/,GOVERNMENT_BULK/FMCS/9a6a0925b85f__10-01-19_EEO_Program-Team.pdf,9a6a0925b85f98f7be60a2838eec7234e7913acb8aa9d1a4f2bdb11d722f125d,177727,application/pdf,200,FMCS
USGOV-C9F2A1CD35BC34FA,Fillable Request for Arbitration Panel [Form R-43],https://www.fmcs.gov/wp-content/uploads/2019/10/R43_October2019.pdf,2026-09-21,ACQUIRED,https://www.fmcs.gov/resources/forms-applications/arbitration/r43_october2019/,GOVERNMENT_BULK/FMCS/34ff66c7a211__R43_October2019.pdf,34ff66c7a2119756a5e03231332c8802c658bb9ad0f226557d1e5c4d3834857f,2478401,application/pdf,200,FMCS
USGOV-A05FB447CC5B865B,FY 19_No Fear Act,https://www.fmcs.gov/wp-content/uploads/2019/11/FY-19_No-Fear-Act.pdf,2026-09-21,ACQUIRED,https://www.fmcs.gov/eeo-nofear/fy-19_no-fear-act/,GOVERNMENT_BULK/FMCS/c3111d65e327__FY-19_No-Fear-Act.pdf,c3111d65e32772349fd5fd3956feef8ceb9b5e1159475ac0db198b8c9bcd89c6,697122,application/pdf,200,FMCS
USGOV-51215B297B6CC024,FY19_No Fear Act Data,https://www.fmcs.gov/wp-content/uploads/2019/11/FY19_No-Fear-Act-Data.pdf,2026-09-21,ACQUIRED,https://www.fmcs.gov/eeo-nofear/fy19_no-fear-act-data/,GOVERNMENT_BULK/FMCS/e6d47e2d9ce7__FY19_No-Fear-Act-Data.pdf,e6d47e2d9ce77db45cca755bcc4eddd412128d5f098afb433dd8b28875d4fc70,85892,application/pdf,200,FMCS
USGOV-38E73F4A654F79A9,R43_October2019a,https://www.fmcs.gov/wp-content/uploads/2019/11/R43_October2019a.pdf,2026-09-21,ACQUIRED,https://www.fmcs.gov/r43_october2019a/,GOVERNMENT_BULK/FMCS/63458f13c0d8__R43_October2019a.pdf,63458f13c0d8b4543e349e63d8b5d8371032296aac8793ae5467e30d5dd4ef10,2491188,application/pdf,200,FMCS
USGOV-55E4EC85371550BF,LMU Sodexo Agreement Statement,https://www.fmcs.gov/wp-content/uploads/2019/12/LMU-Sodexo-Agreement-Statement.pdf,2026-09-21,ACQUIRED,https://www.fmcs.gov/resources/documents-and-data/lmu-sodexo-agreement-statement/,GOVERNMENT_BULK/FMCS/cf628d8babaa__LMU-Sodexo-Agreement-Statement.pdf,cf628d8babaab0049e6b664de04bc9d19eadba113afb36dfa2c086a2d01367e3,230831,application/pdf,200,FMCS
USGOV-5AA9A39B5AD03DED,2020 Chief FOIA Officer Report,https://www.fmcs.gov/wp-content/uploads/2020/02/2020-Chief-FOIA-Officer-Report.pdf,2026-09-21,ACQUIRED,https://www.fmcs.gov/resources/documents-and-data/2020-chief-foia-officer-report/,GOVERNMENT_BULK/FMCS/6dd4c8f14dec__2020-Chief-FOIA-Officer-Report.pdf,6dd4c8f14dec20a39a1d96e4650d2e246ad755d92c9996b5a84f6bad0826008e,63369,application/pdf,200,FMCS
USGOV-1A2874F49734044F,2021 Congressional Budget,https://www.fmcs.gov/wp-content/uploads/2020/02/2021-Congressional-Budget.pdf,2026-09-21,ACQUIRED,https://www.fmcs.gov/cj/2021-congressional-budget/,GOVERNMENT_BULK/FMCS/f127112e3874__2021-Congressional-Budget.pdf,f127112e3874be4f52c66698b9254e640a7c754e90b711cc70993100e8cc4921,969096,application/pdf,200,FMCS
USGOV-B056452E6089FA79,FMCS Fast Facts FY2019 update Feb 2020 corrected,https://www.fmcs.gov/wp-content/uploads/2020/02/FMCS-Fast-Facts-FY2019-update-Feb-2020-corrected.pdf,2026-09-21,ACQUIRED,https://www.fmcs.gov/resources/documents-and-data/fmcs-fast-facts-fy2019-update-feb-2020-corrected/,GOVERNMENT_BULK/FMCS/21a87e33c1fb__FMCS-Fast-Facts-FY2019-update-Feb-2020-corrected.pdf,21a87e33c1fb36999cc43d4e7e887dd101cc01eff8446fecf2691d69dc62e3c9,1133244,application/pdf,200,FMCS
USGOV-677270419B3A0755,FMCS Org Structure (Jan 2020) – Senior Leadership,https://www.fmcs.gov/wp-content/uploads/2020/02/FMCS-Org-Structure-Jan-2020-Senior-Leadership.pdf,2026-09-21,ACQUIRED,https://www.fmcs.gov/aboutus/agency-departments/fmcs-org-structure-jan-2020-senior-leadership/,GOVERNMENT_BULK/FMCS/8d771b063390__FMCS-Org-Structure-Jan-2020-Senior-Leadership.pdf,8d771b0633908b89b4e704bfb663535a57de55f6d36a1698f84c427959cff32d,877047,application/pdf,200,FMCS
USGOV-AFC810EC506EF40C,FMCS Role and Function -FY19 Update Feb 2020,https://www.fmcs.gov/wp-content/uploads/2020/02/FMCS-Role-and-Function-FY19-Update-Feb-2020.pdf,2026-09-21,ACQUIRED,https://www.fmcs.gov/resources/multi-media/fmcs-role-and-function-fy19-update-feb-2020/,GOVERNMENT_BULK/FMCS/37be8636a793__FMCS-Role-and-Function-FY19-Update-Feb-2020.pdf,37be8636a79302714c05c8322d9cbe86b3a302bdf8247aa82883383c77d06ce8,2634662,application/pdf,200,FMCS
USGOV-E5689FA537743746,2019 FOIA Annual Report,https://www.fmcs.gov/wp-content/uploads/2020/02/FY19-FOIA-ANNUAL-REPORT.pdf,2026-09-21,ACQUIRED,https://www.fmcs.gov/resources/documents-and-data/fy19-foia-annual-report/,GOVERNMENT_BULK/FMCS/42990bc09a31__FY19-FOIA-ANNUAL-REPORT.pdf,42990bc09a3172119f6d45b939fd5c9d07bcf4991f97b458603c5bb0b204b17f,793565,application/pdf,200,FMCS
USGOV-C7FDB89F6DD02B1A,"Blake, Scott",https://www.fmcs.gov/wp-content/uploads/2020/03/Blake-Scott.pdf,2026-09-21,ACQUIRED,https://www.fmcs.gov/aboutus/agency-departments/office-of-the-director/blake-scott/,GOVERNMENT_BULK/FMCS/47da9334eba4__Blake-Scott.pdf,47da9334eba4c63a84678c50d25c23c89aec3f6044f1f9e2c6f12a935006e049,197795,application/pdf,200,FMCS
USGOV-C5F1EF3F1A9B88BD,FMCS FY2019 Final Audit Report,https://www.fmcs.gov/wp-content/uploads/2020/03/FMCS-FY2019-Final-Audit-Report.pdf,2026-09-21,ACQUIRED,https://www.fmcs.gov/resources/documents-and-data/fmcs-fy2019-final-audit-report/,GOVERNMENT_BULK/FMCS/1b660f1b2765__FMCS-FY2019-Final-Audit-Report.pdf,1b660f1b2765424b3c29d40d6fa1fce05a99d95e5a3ac84bc4a9607acfb2749c,775335,application/pdf,200,FMCS
USGOV-D3735E4D7D433FF5,FMCS FY2019 Final Report,https://www.fmcs.gov/wp-content/uploads/2020/03/FMCS-FY2019-Final-Report.pdf,2026-09-21,DUPLICATE,https://www.fmcs.gov/fmcs-fy2019-final-report/,GOVERNMENT_BULK/FMCS/1b660f1b2765__FMCS-FY2019-Final-Report.pdf,1b660f1b2765424b3c29d40d6fa1fce05a99d95e5a3ac84bc4a9607acfb2749c,775335,application/pdf,200,FMCS
USGOV-E1A8B23A70A46966,FMCS Offers Virtual Online Mediation,https://www.fmcs.gov/wp-content/uploads/2020/03/FMCS-Offers-Virtual-Online-Mediation-1.pdf,2026-09-21,ACQUIRED,https://www.fmcs.gov/resources/documents-and-data/fmcs-offers-virtual-online-mediation-3/,GOVERNMENT_BULK/FMCS/3ad688bc430b__FMCS-Offers-Virtual-Online-Mediation-1.pdf,3ad688bc430be02f8dca93e2964ca9eb7caed781e5c71ce849143651e6601191,435613,application/pdf,200,FMCS
USGOV-BE56C49923E01032,FMCS Offers Virtual Online Mediation,https://www.fmcs.gov/wp-content/uploads/2020/03/FMCS-Offers-Virtual-Online-Mediation.pdf,2026-09-21,ACQUIRED,https://www.fmcs.gov/resources/documents-and-data/fmcs-offers-virtual-online-mediation-2/,GOVERNMENT_BULK/FMCS/c048e10cbf66__FMCS-Offers-Virtual-Online-Mediation.pdf,c048e10cbf663c53528b33f115dbef2fbce0b08191b35f11b01ea65639c1ddd6,412090,application/pdf,200,FMCS
USGOV-6DC7A8B22CA7DDF8,"Giacolone, Richard (Nom 2)",https://www.fmcs.gov/wp-content/uploads/2020/03/Giacolone-Richard-Nom-2.pdf,2026-09-21,ACQUIRED,https://www.fmcs.gov/aboutus/agency-departments/office-of-the-director/giacolone-richard-nom-2/,GOVERNMENT_BULK/FMCS/b66d79114693__Giacolone-Richard-Nom-2.pdf,b66d79114693d7308ca0d6fa1c477c3e175f0ce465cc1d2fa1a9476430f51a54,196543,application/pdf,200,FMCS
USGOV-E93D0F5B7694D0F0,"Koenig, Lesley",https://www.fmcs.gov/wp-content/uploads/2020/03/Koenig-Lesley.pdf,2026-09-21,ACQUIRED,https://www.fmcs.gov/koenig/koenig-lesley/koenig/koenig-lesley/,GOVERNMENT_BULK/FMCS/a6a97179a920__Koenig-Lesley.pdf,a6a97179a92037fe6c741ac2a6cad0fa004acefe4bf7ca15d36518ee38d79dfb,179357,application/pdf,200,FMCS
USGOV-7D0D3D65A4E98710,"Marinaro, Dana",https://www.fmcs.gov/wp-content/uploads/2020/03/Marinaro-Dana.pdf,2026-09-21,ACQUIRED,https://www.fmcs.gov/marinaro/marinaro-dana/marinaro/marinaro-dana/,GOVERNMENT_BULK/FMCS/7e8b6f38bdbb__Marinaro-Dana.pdf,7e8b6f38bdbb43da820a62137122d77d1ab83740a5fa681335f731d94c7326cf,101701,application/pdf,200,FMCS
USGOV-B7D3368D01D1371D,Important Information regarding COVID-19 and EEO processing,https://www.fmcs.gov/wp-content/uploads/2020/04/2020-COVID-19-Processing-Information-for-EEO-Directors-04062020-2.xmh_.pdf,2026-09-21,ACQUIRED,https://www.fmcs.gov/eeo-nofear/2020-covid-19-processing-information-for-eeo-directors-04062020-2-xmh/,GOVERNMENT_BULK/FMCS/66ab335298d7__2020-COVID-19-Processing-Information-for-EEO-Directors-04062020-2.xmh_.pdf,66ab335298d716a50f3a7d84bda9a12f52e0ab12378711ad78ebdcc9e565d1f6,234174,application/pdf,200,FMCS
USGOV-216BE360CB71F615,Cornerstone Cares Portal Upload Course List,https://www.fmcs.gov/wp-content/uploads/2020/04/Cornerstone-Cares-Portal-Upload-Course-List.pdf,2026-09-21,ACQUIRED,https://www.fmcs.gov/cornerstone-cares-portal-upload-course-list/,GOVERNMENT_BULK/FMCS/ed02932c6ad7__Cornerstone-Cares-Portal-Upload-Course-List.pdf,ed02932c6ad7c3f35a61dc334d5bfd05cb8162e6b350ed8773d14d3e9c82c7aa,163943,application/pdf,200,FMCS
USGOV-1B75514DC1DF38CB,Coronavirus Precautions and Prevention,https://www.fmcs.gov/wp-content/uploads/2020/04/Coronavirus-Precautions-and-Prevention.pdf,2026-09-21,ACQUIRED,https://www.fmcs.gov/coronavirus-precautions-and-prevention/,GOVERNMENT_BULK/FMCS/5748d8f76b11__Coronavirus-Precautions-and-Prevention.pdf,5748d8f76b11b6c8315f6b332df07cd3555a51e3b36b8bbe6fac802cf702b387,43894,application/pdf,200,FMCS
USGOV-489D98A5D43B6DE9,Emotional Intelligence,https://www.fmcs.gov/wp-content/uploads/2020/04/Emotional-Intelligence.pdf,2026-09-21,ACQUIRED,https://www.fmcs.gov/emotional-intelligence/,GOVERNMENT_BULK/FMCS/462ffa4009e7__Emotional-Intelligence.pdf,462ffa4009e7e37d8ce30d976274d192a73e14cfd24db3339dbfe9801b8a5767,77111,application/pdf,200,FMCS
USGOV-B941815A4EEC50A3,FMCS Conducts Over A Million Online Meeting Minutes in 30 Days,https://www.fmcs.gov/wp-content/uploads/2020/04/FMCS-Conducts-Over-A-Million-Online-Meeting-Minutes-in-30-Days.pdf,2026-09-21,ACQUIRED,https://www.fmcs.gov/resources/documents-and-data/fmcs-conducts-over-a-million-online-meeting-minutes-in-30-days-2/,GOVERNMENT_BULK/FMCS/e0a62e524d2f__FMCS-Conducts-Over-A-Million-Online-Meeting-Minutes-in-30-Days.pdf,e0a62e524d2fb26abcd7eabbcf0f93910a4b67baa9e915fdb970213d5053d7aa,232948,application/pdf,200,FMCS
USGOV-6D6CB84FE2E5F68B,FMCS Promotes Use of Video Arbitration,https://www.fmcs.gov/wp-content/uploads/2020/04/FMCS-Promotes-Use-of-Video-Arbitration.pdf,2026-09-21,ACQUIRED,https://www.fmcs.gov/resources/documents-and-data/fmcs-promotes-use-of-video-arbitration-2/,GOVERNMENT_BULK/FMCS/2536dd77dcb6__FMCS-Promotes-Use-of-Video-Arbitration.pdf,2536dd77dcb6167b58922b8dc0214dafbf9f762e5dbd5d3dab2cb940acc8474b,252432,application/pdf,200,FMCS
USGOV-CC51A574F8AEB8E6,"Giacolone, Richard (Dep Dir)",https://www.fmcs.gov/wp-content/uploads/2020/04/Giacolone-Richard-Dep-Dir.pdf,2026-09-21,ACQUIRED,https://www.fmcs.gov/aboutus/agency-departments/office-of-the-director/giacolone-richard-dep-dir/,GOVERNMENT_BULK/FMCS/644de3108826__Giacolone-Richard-Dep-Dir.pdf,644de3108826e5f50ffd546fb3b6b8ae1b82720d79a562b4f4c68f5ab081be11,196371,application/pdf,200,FMCS
USGOV-F69434C493254F3C,Guide to video arb final 4-8-20,https://www.fmcs.gov/wp-content/uploads/2020/04/Guide-to-video-arb-final-4-8-20.pdf,2026-09-21,ACQUIRED,https://www.fmcs.gov/services/arbitration/guide-to-video-arb-final-4-8-20/,GOVERNMENT_BULK/FMCS/a7cb03575b8d__Guide-to-video-arb-final-4-8-20.pdf,a7cb03575b8d47f4f3dff5b3f4ed8612c66946811eb715c6bfde6f4b354a43cd,1416225,application/pdf,200,FMCS
USGOV-A020954EC6DFF186,Guide to video arb final2 4-13-20,https://www.fmcs.gov/wp-content/uploads/2020/04/Guide-to-video-arb-final2-4-13-20.pdf,2026-09-21,ACQUIRED,https://www.fmcs.gov/services/arbitration/guide-to-video-arb-final2-4-13-20/,GOVERNMENT_BULK/FMCS/a5c3e48da286__Guide-to-video-arb-final2-4-13-20.pdf,a5c3e48da28628afce730ccba195f9e32c3f6e074292614a3f6f1f4d24f7ac98,1366931,application/pdf,200,FMCS
USGOV-6E12593BDDD6C40C,Mediation Agreement,https://www.fmcs.gov/wp-content/uploads/2020/04/Mediation-Agreement_fillable.pdf,2026-09-21,ACQUIRED,https://www.fmcs.gov/mediation-agreement-forms/mediation-agreement_fillable/,GOVERNMENT_BULK/FMCS/b81611c837e4__Mediation-Agreement_fillable.pdf,b81611c837e4549836c86ff1f7bcae6fd144e5e0806daf36a1561324ec04133f,145062,application/pdf,200,FMCS
USGOV-79A5FB997290DDAA,Mindfulness,https://www.fmcs.gov/wp-content/uploads/2020/04/Mindfulness.pdf,2026-09-21,ACQUIRED,https://www.fmcs.gov/mindfulness/,GOVERNMENT_BULK/FMCS/3bb99e389714__Mindfulness.pdf,3bb99e389714adcb28bc243a2e54b1bc1cc413d67fcc0c61432126706b6b695f,82032,application/pdf,200,FMCS
